Workbook

Sheet Assumptions
A1: Assumption | B1: Value | C1: Unit | D1: Purpose
A2: Business Model | B2: B2B E-commerce | C2: Business Type | D2: Defines operating model
A3: Warehouse Grade | B3: Grade A | C3: Facility Class | D3: Infrastructure quality
A4: Storage Format | B4: Bulk Pallet Storage | C4: Storage Method | D4: Determines density
A5: Unit of Measure | B5: Pallet Position | C5: Capacity Unit | D5: Standardized metric
A6: Planning Horizon | B6: 5 | C6: Years | D6: Time period
A10: Assumption | B10: Value | C10: Unit | D10: Purpose
A11: Warehouse Size | B11: 100000 | C11: Sq Ft | D11: Total floor area
A12: Clear Height | B12: 30–40 | C12: Ft | D12: Enables multi-level racking
A13: Rack Levels | B13: 5 | C13: Levels | D13: Vertical storage multiplier
A14: Pallet Density | B14: 0.18 | C14: Pallets/Sq Ft | D14: Storage efficiency ratio
A15: Total Physical Capacity | B15: =B11*B14 -> 18000 | C15: Pallets | D15: Max storage capacity
A18: Assumption | B18: Value | C18: Unit | D18: Purpose
A19: Safe Utilization Limit | B19: 0.85 | C19: % | D19: Avoid congestion
A20: Safe Working Capacity | B20: =B15*B19 -> 15300 | C20: Pallets | D20: Usable operating limit
A23: Assumption | B23: Value | C23: Unit | D23: Purpose
A24: Current Utilization | B24: 0.7 | C24: % | D24: Present warehouse load
A25: Starting Inventory (Year 0) | B25: =B20 * B24 -> 10710 | C25: Pallets | D25: Base inventory level
A28: Assumption | B28: Value | C28: Unit | D28: Purpose
A29: Annual Growth Rate | B29: 0.15 | C29: % | D29: Inventory expansion
A30: Peak Season Buffer | B30: 0.2 | C30: % | D30: Stress test capacity

Sheet 02_Capacity_Story
A1: Year | B1: Starting Inventory | C1: Growth (15%) | D1: Ending Inventory | E1: Peak Inventory(20%) | F1: Peak Demand | G1: Safe Capacity | H1: Status
A2: 0 | B2: =Assumptions!B25 -> 10710 | C2: =B2*Assumptions!$B$29 -> 1606.5 | D2: =B2 -> 10710 | E2: =D2*Assumptions!$B$30 -> 2142 | F2: =D2+E2 -> 12852 | G2: =Assumptions!$B$20 -> 15300 | H2: =IF(F2>G2,"RISK","SAFE") -> SAFE
A3: 1 | B3: =D2 -> 10710 | C3: =B3*Assumptions!$B$29 -> 1606.5 | D3: =B3+C3 -> 12316.5 | E3: =D3*Assumptions!$B$30 -> 2463.3 | F3: =D3+E3 -> 14779.8 | G3: =Assumptions!$B$20 -> 15300 | H3: =IF(F3>G3,"RISK","SAFE") -> SAFE
A4: 2 | B4: =D3 -> 12316.5 | C4: =B4*Assumptions!$B$29 -> 1847.475 | D4: =B4+C4 -> 14163.975 | E4: =D4*Assumptions!$B$30 -> 2832.795 | F4: =D4+E4 -> 16996.77 | G4: =Assumptions!$B$20 -> 15300 | H4: =IF(F4>G4,"RISK","SAFE") -> RISK
A5: 3 | B5: =D4 -> 14163.975 | C5: =B5*Assumptions!$B$29 -> 2124.5963 | D5: =B5+C5 -> 16288.571 | E5: =D5*Assumptions!$B$30 -> 3257.7142 | F5: =D5+E5 -> 19546.286 | G5: =Assumptions!$B$20 -> 15300 | H5: =IF(F5>G5,"RISK","SAFE") -> RISK
A6: 4 | B6: =D5 -> 16288.571 | C6: =B6*Assumptions!$B$29 -> 2443.2857 | D6: =B6+C6 -> 18731.857 | E6: =D6*Assumptions!$B$30 -> 3746.3714 | F6: =D6+E6 -> 22478.228 | G6: =Assumptions!$B$20 -> 15300 | H6: =IF(F6>G6,"RISK","SAFE") -> RISK
A7: 5 | B7: =D6 -> 18731.857 | C7: =B7*Assumptions!$B$29 -> 2809.7785 | D7: =B7+C7 -> 21541.635 | E7: =D7*Assumptions!$B$30 -> 4308.3271 | F7: =D7+E7 -> 25849.963 | G7: =Assumptions!$B$20 -> 15300 | H7: =IF(F7>G7,"RISK","SAFE") -> RISK

Sheet Final Plan
A1: A | B1: Column 1 | C1: Column 2
B2: Metric | C2: Formula
B3: Current Inventory | C3: ='02_Capacity_Story'!B2 -> 10710
B4: Safe Capacity | C4: ='02_Capacity_Story'!G2 -> 15300
B5: Growth Rate | C5: =Assumptions!B29 -> 0.15
B6: Peak Buffer | C6: =Assumptions!B30 -> 0.2
B7: Breach Year | C7: =IFERROR(__xludf.DUMMYFUNCTION("MIN(FILTER('02_Capacity_Story'!A2:A7,'02_Capacity_Story'!H2:H7=""RISK""))"),2.0) -> 2
A10: Year | B10: Peak Demand | C10: Base Safe Capacity | D10: Base Breach Flag | E10: Base Shortage | F10: Optimized Capacity (90%) | G10: Optimized Shortage | H10: Base Utilization | I10: Optimized Peak (-10%) | J10: Final Gap | K10: Optimized Breach Year
A11: 1 | B11: ='02_Capacity_Story'!F3 -> 14779.8 | C11: ='02_Capacity_Story'!G3 -> 15300 | D11: =IF(B11>C11, A11, "") | E11: =ROUND(MAX(0,B11-C11),1) -> 0 | F11: =18000*0.9 -> 16200 | G11: =ROUND(MAX(0,B11-F11),1) -> 0 | H11: =B11/C11 -> 0.966 | I11: =ROUND(B11 * 0.9,1) -> 13301.8 | J11: =MAX(0, I11 - F11) -> 0 | K11: =IF(I11> F11,A11, "")
A12: 2 | B12: ='02_Capacity_Story'!F4 -> 16996.77 | C12: ='02_Capacity_Story'!G4 -> 15300 | D12: =IF(B12>C12, A12, "") -> 2 | E12: =ROUND(MAX(0,B12-C12),1) -> 1696.8 | F12: =18000*0.9 -> 16200 | G12: =ROUND(MAX(0,B12-F12),1) -> 796.8 | H12: =B12/C12 -> 1.1109 | I12: =ROUND(B12 * 0.9,1) -> 15297.1 | J12: =MAX(0, I12 - F12) -> 0 | K12: =IF(I12> F12,A12, "")
A13: 3 | B13: ='02_Capacity_Story'!F5 -> 19546.286 | C13: ='02_Capacity_Story'!G5 -> 15300 | D13: =IF(B13>C13, A13, "") -> 3 | E13: =ROUND(MAX(0,B13-C13),1) -> 4246.3 | F13: =18000*0.9 -> 16200 | G13: =ROUND(MAX(0,B13-F13),1) -> 3346.3 | H13: =B13/C13 -> 1.277535 | I13: =ROUND(B13 * 0.9,1) -> 17591.7 | J13: =MAX(0, I13 - F13) -> 1391.7 | K13: =IF(I13> F13,A13, "") -> 3
A14: 4 | B14: ='02_Capacity_Story'!F6 -> 22478.228 | C14: ='02_Capacity_Story'!G6 -> 15300 | D14: =IF(B14>C14, A14, "") -> 4 | E14: =ROUND(MAX(0,B14-C14),1) -> 7178.2 | F14: =18000*0.9 -> 16200 | G14: =ROUND(MAX(0,B14-F14),1) -> 6278.2 | H14: =B14/C14 -> 1.4691653 | I14: =ROUND(B14 * 0.9,1) -> 20230.4 | J14: =MAX(0, I14 - F14) -> 4030.4 | K14: =IF(I14> F14,A14, "") -> 4
A15: 5 | B15: ='02_Capacity_Story'!F7 -> 25849.963 | C15: ='02_Capacity_Story'!G7 -> 15300 | D15: =IF(B15>C15, A15, "") -> 5 | E15: =ROUND(MAX(0,B15-C15),1) -> 10550 | F15: =18000*0.9 -> 16200 | G15: =ROUND(MAX(0,B15-F15),1) -> 9650 | H15: =B15/C15 -> 1.68954 | I15: =ROUND(B15 * 0.9,1) -> 23265 | J15: =MAX(0, I15 - F15) -> 7065 | K15: =IF(I15> F15,A15, "") -> 5
C17: Base Breach Year | D17: =MIN(Table3[Base Breach Flag]) -> 2 | I17: Optimized Breach Year | K17: =MIN(Table3[Optimized Breach Year]) -> 3
A19: Metric | B19: Value
A20: Required Capacity (Year 5 Optimized) | B20: =I15 -> 23265
A21: Optimized Safe Capacity | B21: =16200 -> 16200
A22: Additional Capacity Needed | B22: =B20-B21 -> 7065
A23: % Expansion Required | B23: =ROUND(B22/B21,2) -> 0.44
A26: Decision | B26: Action | C26: When
A27: Short Term | B27: Optimize layout | C27: Year 1
A28: Medium Term | B28: Secure extra space | C28: Year 2
A29: Long Term | B29: Expand by 40–45% | C29: Year 3–4

Sheet Summary
A3: Fundamental Infrastructure Formulas
A6: Column 1 | B6: Column 2 | C6: Column 3
A7: Metric | B7: Formula Description
A8: Total Physical Capacity | B8: Multiplies area by density. | C8: Warehouse_Size * Pallet_Density
A9: Safe Working Capacity | B9: Applies an operational buffer (85%). | C9: Total_Physical_Capacity * Safe_Utilization_Limit
A10: Starting Inventory (Y0) | B10: Calculates current load. | C10: Safe_Working_Capacity * Current_Utilization
A15: Capacity Story Formulas (Annual Growth)
A18: Column | B18: Formula Logic | C18: Column 1
A19: Starting Inventory | B19: Value from the previous year's ending. | C19: Ending_Inventory_Year_Prev
A20: Growth (15%) | B20: Amount of growth added this year. | C20: Starting_Inventory * Annual_Growth_Rate
A21: Ending Inventory | B21: Total inventory at end of year. | C21: Starting_Inventory + Growth
A22: Peak Inventory (20%) | B22: Safety buffer for peak season. | C22: Ending_Inventory * Peak_Season_Buffer
A23: Peak Demand | B23: Total capacity needed during peak. | C23: Ending_Inventory + Peak_Inventory
A24: Status | B24: Checks if demand exceeds capacity. | C24: IF(Peak_Demand > Safe_Capacity, "RISK", "SAFE")
A27: Optimization Model Formulas
A30: Metric | B30: Formula Logic | C30: Spreadsheet Formula (Row 2 example)
A31: Base Shortage | B31: Pallets exceeding base capacity. | C31: MAX(0, Peak_Demand - Base_Safe_Capacity)
A32: Optimized Capacity | B32: Capacity at a higher 90% limit. | C32: Total_Physical_Capacity * 0.9
A33: Optimized Shortage | B33: Shortage with improved capacity. | C33: MAX(0, Peak_Demand - Optimized_Capacity)
A34: Base Utilization | B34: % of safe capacity being used. | C34: Peak_Demand / Base_Safe_Capacity
A35: Optimized Peak (-10%) | B35: Demand after efficiency gains. | C35: Peak_Demand * (1 - 0.1)
A36: Final Gap | B36: Remaining shortage after all fixes. | C36: MAX(0, Optimized_Peak - Optimized_Capacity)
A37: Breach Year | B37: Identifies the year failure occurs. | C37: IF(Final_Gap > 0, Year, "")
