Workbook

Sheet Mastersheet
A1: player_id | B1: player | C1: role | D1: is_batsman_1 | E1: is_bowler_1 | F1: is_allrounder_1 | G1: is_wicket_keeper_1 | H1: innings | I1: matches | J1: runs_normalised | K1: runs | L1: batting_impact | M1: bowling_impact | N1: batting_position | O1: batting_positions | P1: nationality | Q1: nationality_enc | R1: age | S1: high_score | T1: batting_average | U1: batting_avg_normalization | V1: strike_rate | W1: strike_rate_norm | X1: 4s | Y1: 6s | Z1: 100s | AA1: 50s | AB1: auction_price_cr | AC1: price_flag | AD1: base_price_cr | AE1: approximate_big_match_index | AF1: approximate_big_match_index_norm | AG1: vfm | AH1: vfm_norm | AI1: consistency_score | AJ1: consistency_score_norm | AK1: wickets | AL1: overs_bowled | AM1: economy_rate | AN1: economy_rate_norm | AO1: death_over_economy_norm | AP1: death_over_economy_rate | AQ1: risk_rate_norm | AR1: risk_rating | AS1: approximate_wickets_per_match | AT1: approximate_wickets_per_match_norm | AU1: dot_ball_percentage | AV1: dot_ball_percentage_norm | AW1: bat_percentage | AX1: bat_percentage_normalized | AY1: total_dismissals | AZ1: total_dismissal_normalized | BA1: stump_percentage | BB1: stump_percentage_normalized | BC1: bowl_percentage | BD1: bowling_avg | BE1: recent_form_score | BF1: recent_form_score_norm | BG1: player_category | BH1: last_season_performance | BI1: last_season_performance_norm | BJ1: performance_vs_spin | BK1: performance_vs_spin_norm | BL1: performance_vs_pace | BM1: performance_vs_pace_norm | BN1: allrounder_score | BO1: wicket_keeper_score | BP1: batsmen_score | BQ1: bowler_score | BR1: venue_impact_score_hm | BS1: away_impact_score_hm | BT1: select_player | BU1: BU | BV1: player_score | BW1: player_score_normalised | BX1: batting_fantasy_score | BY1: bowler_fantasy_score | BZ1: all_rounder_fantasy_score | CA1: wicket_keeper_fantasy_score | CB1: base_fantasy_points | CC1: venue_mul | CD1: venue_fp | CE1: risk_mul | CF1: predicted_fantasy_points | CG1: rank
A2: 1070173 | B2: Shubman Gill | C2: Batsman | D2: 1 | E2: 0 | F2: 0 | G2: 0 | H2: 30 | I2: 30 | J2: =ROUND((K2 - MIN($K$2:$K$98)) / (MAX($K$2:$K$98) - MIN($K$2:$K$98)), 1) -> 1 | K2: 1361 | L2: 1 | M2: 0 | N2: Opener | O2: 1 | P2: India | Q2: 0 | R2: 24 | S2: 129 | T2: 52.35 | U2: =ROUND((T2 - MIN(T$2:T$98)) / (MAX(T$2:T$98) - MIN(T$2:T$98)), 1) -> 0.9 | V2: 151.9 | W2: =ROUND((V2 - MIN(V$2:V$98)) / (MAX(V$2:V$98) - MIN(V$2:V$98)), 1) -> 0.6 | X2: 125 | Y2: 49 | Z2: 4 | AA2: 6 | AB2: 16.5 | AC2: =IF(AB2>AD2, 3,IF(AB2<AD2, 1, 2)) -> 3 | AD2: 0 | AE2: 0.7 | AF2: 0.0175 | AG2: 8.5 | AH2: 0.013 | AI2: 80 | AJ2: =ROUND((AI2 - MIN(AI$2:AI$98)) / (MAX(AI$2:AI$98) - MIN(AI$2:AI$98)), 1) -> 0.9 | AK2: 0 | AL2: 0 | AM2: 0 | AN2: 0 | AO2: =ROUND((AP2 - MIN($AP$2:$AP2050)) / (MAX($AP$2:$AP2050) - MIN($AP$2:$AP2050)), 1) -> 0 | AP2: 0 | AQ2: =ROUND((AR2 - MIN($AR$2:$AR2050)) / (MAX($AR$2:$AR2050) - MIN($AR$2:$AR2050)), 1) -> 0.3 | AR2: 3.5 | AS2: 0 | AT2: 0 | AU2: 0 | AV2: 0 | AW2: 50 | AX2: 0.5 | AY2: 0 | AZ2: =(AP2 - MIN($AP$2:$AP$964)) / (MAX($AP$2:$AP$964) - MIN($AP$2:$AP$964)) -> 0 | BA2: 0 | BB2: 0 | BC2: 0 | BD2: 0 | BE2: 9 | BF2: =ROUND((BE2 - MIN(BE$2:BE$174)) / (MAX(BE$2:BE$174) - MIN(BE$2:BE$174)), 1) -> 0.8 | BG2: =IF(AND(K2>=800,V2>=145),3,IF(K2>=400,1,2)) -> 3 | BH2: 9 | BI2: =ROUND((BH2 - MIN(BH$2:BH$174)) / (MAX(BH$2:BH$174) - MIN(BH$2:BH$174)), 1) -> 1 | BJ2: 8 | BK2: 0.86 | BL2: 8 | BM2: 0.67 | BN2: 0 | BO2: 0 | BP2: =ROUND((0.35 * L2) + (0.25 * W2) + (0.15 * U2) + (0.15 * BF2) + (0.1 * AJ2), 1) -> 0.8 | BQ2: 0 | BR2: 0.78 | BS2: =(0.45*L2 + 0.35*M2 + 0.12*AJ2 + 0.08*BF2) * (1 - BR2) -> 0.13684 | BT2: 0 | BU2: 0 | BV2: 67.2 | BW2: 0.078 | BX2: =D2 * ( BP2*0.4 + L2*0.25 + W2*0.15 + AX2*0.1 + BF2*0.1 ) * 100 -> 79 | BY2: =E:E*(BQ:BQ*0.35+AT:AT*0.3+AV:AV*0.15+AN:AN*0.1+AO:AO*0.1)*100 -> 0 | BZ2: =ROUND(IF(N(F2)=1, MAX(0, ( (N(BN2)/18)*0.6 + (N(BF2)/10)*0.25 + N(AX2)*0.15 ) * 100 ), 0 ),3) -> 0 | CA2: =ROUND(G:G*(BO:BO*0.45+AZ:AZ*0.3+BB:BB*0.15+BF:BF*0.1)*100,3) -> 0 | CB2: =BX:BX+BY:BY+BZ:BZ + CA:CA -> 79 | CC2: =ROUND(0.7 + (BR:BR* 0.2) + (BS:BS * 0.1),3) -> 0.87 | CD2: =ROUND(CB:CB* CC:CC, 2) -> 68.73 | CE2: =ROUND( 1 - ( (D:D * 0.25) + (E:E* 0.2) + (F:F* 0.15) + (G:G* 0.1) ) * AQ:AQ, 3 ) -> 0.925 | CF2: =ROUND( CD:CD* CE:CE, 2 ) -> 63.58 | CG2: =RANK(CF2,CF:CF) -> 18
A3: 446507 | B3: Surya Kumar Yadav | C3: Batsman | D3: 1 | E3: 0 | F3: 0 | G3: 0 | H3: 27 | I3: 27 | J3: =ROUND((K3 - MIN($K$2:$K$98)) / (MAX($K$2:$K$98) - MIN($K$2:$K$98)), 1) -> 0.7 | K3: 950 | L3: 0.6 | M3: 0 | N3: Middle | O3: 2 | P3: India | Q3: 0 | R3: 33 | S3: 103 | T3: 39.58 | U3: =ROUND((T3 - MIN(T$2:T$98)) / (MAX(T$2:T$98) - MIN(T$2:T$98)), 1) -> 0.7 | V3: 175.93 | W3: =ROUND((V3 - MIN(V$2:V$98)) / (MAX(V$2:V$98) - MIN(V$2:V$98)), 1) -> 0.7 | X3: 101 | Y3: 46 | Z3: 2 | AA3: 8 | AB3: =SUBSTITUTE(AB2, "Cr", "") -> 16.5 | AC3: =IF(AB3>AD3, 3,IF(AB3<AD3, 1, 2)) -> 3 | AD3: 0 | AE3: 0.7 | AF3: 0.0175 | AG3: 9 | AH3: 0.222 | AI3: 70 | AJ3: =ROUND((AI3 - MIN(AI$2:AI$98)) / (MAX(AI$2:AI$98) - MIN(AI$2:AI$98)), 1) -> 0.8 | AK3: 0 | AL3: 0 | AM3: 0 | AN3: 0 | AO3: =ROUND((AP3 - MIN($AP$2:$AP2051)) / (MAX($AP$2:$AP2051) - MIN($AP$2:$AP2051)), 1) -> 0 | AP3: 0 | AQ3: =ROUND((AR3 - MIN($AR$2:$AR2051)) / (MAX($AR$2:$AR2051) - MIN($AR$2:$AR2051)), 1) -> 0.5 | AR3: 5 | AS3: 0 | AT3: 0 | AU3: 0 | AV3: 0 | AW3: 65 | AX3: 0.7 | AY3: 0 | AZ3: =(AP3 - MIN($AP$2:$AP$964)) / (MAX($AP$2:$AP$964) - MIN($AP$2:$AP$964)) -> 0 | BA3: 0 | BB3: 0 | BC3: 0 | BD3: 0 | BE3: 9.5 | BF3: =ROUND((BE3 - MIN(BE$2:BE$174)) / (MAX(BE$2:BE$174) - MIN(BE$2:BE$174)), 1) -> 0.9 | BG3: =IF(AND(K3>=800,V3>=145),3,IF(K3>=400,1,2)) -> 3 | BH3: 8 | BI3: =ROUND((BH3 - MIN(BH$2:BH$174)) / (MAX(BH$2:BH$174) - MIN(BH$2:BH$174)), 1) -> 0.7 | BJ3: 9 | BK3: 1 | BL3: 8 | BM3: 0.67 | BN3: 0 | BO3: 0 | BP3: =ROUND((0.35 * L3) + (0.25 * W3) + (0.15 * U3) + (0.15 * BF3) + (0.1 * AJ3), 1) -> 0.7 | BQ3: 0 | BR3: 0.82 | BS3: =(0.45*L3 + 0.35*M3 + 0.12*AJ3 + 0.08*BF3) * (1 - BR3) -> 0.07884 | BT3: 0 | BU3: 0 | BV3: 73.7 | BW3: 0.085 | BX3: =D3 * ( BP3*0.4 + L3*0.25 + W3*0.15 + AX3*0.1 + BF3*0.1 ) * 100 -> 69.5 | BY3: =E:E*(BQ:BQ*0.35+AT:AT*0.3+AV:AV*0.15+AN:AN*0.1+AO:AO*0.1)*100 -> 0 | BZ3: =ROUND(IF(N(F3)=1, MAX(0, ( (N(BN3)/18)*0.6 + (N(BF3)/10)*0.25 + N(AX3)*0.15 ) * 100 ), 0 ),3) -> 0 | CA3: =ROUND(G:G*(BO:BO*0.45+AZ:AZ*0.3+BB:BB*0.15+BF:BF*0.1)*100,3) -> 0 | CB3: =BX:BX+BY:BY+BZ:BZ + CA:CA -> 69.5 | CC3: =ROUND(0.7 + (BR:BR* 0.2) + (BS:BS * 0.1),3) -> 0.872 | CD3: =ROUND(CB:CB* CC:CC, 2) -> 60.6 | CE3: =ROUND( 1 - ( (D:D * 0.25) + (E:E* 0.2) + (F:F* 0.15) + (G:G* 0.1) ) * AQ:AQ, 3 ) -> 0.875 | CF3: =ROUND( CD:CD* CE:CE, 2 ) -> 53.03 | CG3: =RANK(CF3,CF:CF) -> 23
A4: 253802 | B4: Virat Kohli | C4: Batsman | D4: 1 | E4: 0 | F4: 0 | G4: 0 | H4: 30 | I4: 30 | J4: =ROUND((K4 - MIN($K$2:$K$98)) / (MAX($K$2:$K$98) - MIN($K$2:$K$98)), 1) -> 1 | K4: 1387 | L4: 1 | M4: 0 | N4: Middle | O4: 1 | P4: India | Q4: 0 | R4: 35 | S4: 113 | T4: 55.48 | U4: =ROUND((T4 - MIN(T$2:T$98)) / (MAX(T$2:T$98) - MIN(T$2:T$98)), 1) -> 1 | V4: 146.93 | W4: =ROUND((V4 - MIN(V$2:V$98)) / (MAX(V$2:V$98) - MIN(V$2:V$98)), 1) -> 0.6 | X4: 127 | Y4: 55 | Z4: 3 | AA4: 11 | AB4: 11 | AC4: =IF(AB4>AD4, 3,IF(AB4<AD4, 1, 2)) -> 3 | AD4: 0 | AE4: 0.7 | AF4: 0.0175 | AG4: 9.5 | AH4: 0.05 | AI4: 85 | AJ4: =ROUND((AI4 - MIN(AI$2:AI$98)) / (MAX(AI$2:AI$98) - MIN(AI$2:AI$98)), 1) -> 1 | AK4: 0 | AL4: 0 | AM4: 0 | AN4: 0 | AO4: =ROUND((AP4 - MIN($AP$2:$AP2052)) / (MAX($AP$2:$AP2052) - MIN($AP$2:$AP2052)), 1) -> 0 | AP4: 0 | AQ4: =ROUND((AR4 - MIN($AR$2:$AR2052)) / (MAX($AR$2:$AR2052) - MIN($AR$2:$AR2052)), 1) -> 0.8 | AR4: 7 | AS4: 0 | AT4: 0 | AU4: 0 | AV4: 0 | AW4: 54 | AX4: 0.5 | AY4: 0 | AZ4: =(AP4 - MIN($AP$2:$AP$964)) / (MAX($AP$2:$AP$964) - MIN($AP$2:$AP$964)) -> 0 | BA4: 0 | BB4: 0 | BC4: 0 | BD4: 0 | BE4: 10 | BF4: =ROUND((BE4 - MIN(BE$2:BE$174)) / (MAX(BE$2:BE$174) - MIN(BE$2:BE$174)), 1) -> 1 | BG4: =IF(AND(K4>=800,V4>=145),3,IF(K4>=400,1,2)) -> 3 | BH4: 7 | BI4: =ROUND((BH4 - MIN(BH$2:BH$174)) / (MAX(BH$2:BH$174) - MIN(BH$2:BH$174)), 1) -> 0.3 | BJ4: 9 | BK4: 1 | BL4: 9 | BM4: 1 | BN4: 0 | BO4: 0 | BP4: =ROUND((0.35 * L4) + (0.25 * W4) + (0.15 * U4) + (0.15 * BF4) + (0.1 * AJ4), 1) -> 0.9 | BQ4: 0 | BR4: 0.79 | BS4: =(0.45*L4 + 0.35*M4 + 0.12*AJ4 + 0.08*BF4) * (1 - BR4) -> 0.1365 | BT4: 0 | BU4: 0 | BV4: 62.5 | BW4: 0.073 | BX4: =D4 * ( BP4*0.4 + L4*0.25 + W4*0.15 + AX4*0.1 + BF4*0.1 ) * 100 -> 85 | BY4: =E:E*(BQ:BQ*0.35+AT:AT*0.3+AV:AV*0.15+AN:AN*0.1+AO:AO*0.1)*100 -> 0 | BZ4: =ROUND(IF(N(F4)=1, MAX(0, ( (N(BN4)/18)*0.6 + (N(BF4)/10)*0.25 + N(AX4)*0.15 ) * 100 ), 0 ),3) -> 0 | CA4: =ROUND(G:G*(BO:BO*0.45+AZ:AZ*0.3+BB:BB*0.15+BF:BF*0.1)*100,3) -> 0 | CB4: =BX:BX+BY:BY+BZ:BZ + CA:CA -> 85 | CC4: =ROUND(0.7 + (BR:BR* 0.2) + (BS:BS * 0.1),3) -> 0.872 | CD4: =ROUND(CB:CB* CC:CC, 2) -> 74.12 | CE4: =ROUND( 1 - ( (D:D * 0.25) + (E:E* 0.2) + (F:F* 0.15) + (G:G* 0.1) ) * AQ:AQ, 3 ) -> 0.8 | CF4: =ROUND( CD:CD* CE:CE, 2 ) -> 59.3 | CG4: =RANK(CF4,CF:CF) -> 20
A5: 823703 | B5: Rajat Patidar | C5: Batsman | D5: 1 | E5: 0 | F5: 0 | G5: 0 | H5: 14 | I5: 14 | J5: =ROUND((K5 - MIN($K$2:$K$98)) / (MAX($K$2:$K$98) - MIN($K$2:$K$98)), 1) -> 0.3 | K5: 453 | L5: 0.4 | M5: 0 | N5: Middle | O5: 2 | P5: India | Q5: 0 | R5: 30 | S5: 58 | T5: 32.36 | U5: =ROUND((T5 - MIN(T$2:T$98)) / (MAX(T$2:T$98) - MIN(T$2:T$98)), 1) -> 0.6 | V5: 170.94 | W5: =ROUND((V5 - MIN(V$2:V$98)) / (MAX(V$2:V$98) - MIN(V$2:V$98)), 1) -> 0.7 | X5: 25 | Y5: 36 | Z5: 0 | AA5: 6 | AB5: 11 | AC5: =IF(AB5>AD5, 3,IF(AB5<AD5, 1, 2)) -> 3 | AD5: 2 | AE5: 0.6 | AF5: 0.015 | AG5: 7 | AH5: 0.26 | AI5: 45 | AJ5: =ROUND((AI5 - MIN(AI$2:AI$98)) / (MAX(AI$2:AI$98) - MIN(AI$2:AI$98)), 1) -> 0.5 | AK5: 0 | AL5: 0 | AM5: 0 | AN5: 0 | AO5: =ROUND((AP5 - MIN($AP$2:$AP2053)) / (MAX($AP$2:$AP2053) - MIN($AP$2:$AP2053)), 1) -> 0 | AP5: 0 | AQ5: =ROUND((AR5 - MIN($AR$2:$AR2053)) / (MAX($AR$2:$AR2053) - MIN($AR$2:$AR2053)), 1) -> 0.1 | AR5: 2.5 | AS5: 0 | AT5: 0 | AU5: 0 | AV5: 0 | AW5: 40 | AX5: 0.4 | AY5: 0 | AZ5: =(AP5 - MIN($AP$2:$AP$964)) / (MAX($AP$2:$AP$964) - MIN($AP$2:$AP$964)) -> 0 | BA5: 0 | BB5: 0 | BC5: 0 | BD5: 0 | BE5: 7 | BF5: =ROUND((BE5 - MIN(BE$2:BE$174)) / (MAX(BE$2:BE$174) - MIN(BE$2:BE$174)), 1) -> 0.3 | BG5: =IF(AND(K5>=800,V5>=145),3,IF(K5>=400,1,2)) -> 1 | BH5: 7 | BI5: =ROUND((BH5 - MIN(BH$2:BH$174)) / (MAX(BH$2:BH$174) - MIN(BH$2:BH$174)), 1) -> 0.3 | BJ5: 7 | BK5: 0.71 | BL5: 9 | BM5: 1 | BN5: 0 | BO5: 0 | BP5: =ROUND((0.35 * L5) + (0.25 * W5) + (0.15 * U5) + (0.15 * BF5) + (0.1 * AJ5), 1) -> 0.5 | BQ5: 0 | BR5: 0 | BS5: =(0.45*L5 + 0.35*M5 + 0.12*AJ5 + 0.08*BF5) * (1 - BR5) -> 0.264 | BT5: 0 | BU5: 0 | BV5: 41.95 | BW5: 0.051 | BX5: =D5 * ( BP5*0.4 + L5*0.25 + W5*0.15 + AX5*0.1 + BF5*0.1 ) * 100 -> 47.5 | BY5: =E:E*(BQ:BQ*0.35+AT:AT*0.3+AV:AV*0.15+AN:AN*0.1+AO:AO*0.1)*100 -> 0 | BZ5: =ROUND(IF(N(F5)=1, MAX(0, ( (N(BN5)/18)*0.6 + (N(BF5)/10)*0.25 + N(AX5)*0.15 ) * 100 ), 0 ),3) -> 0 | CA5: =ROUND(G:G*(BO:BO*0.45+AZ:AZ*0.3+BB:BB*0.15+BF:BF*0.1)*100,3) -> 0 | CB5: =BX:BX+BY:BY+BZ:BZ + CA:CA -> 47.5 | CC5: =ROUND(0.7 + (BR:BR* 0.2) + (BS:BS * 0.1),3) -> 0.726 | CD5: =ROUND(CB:CB* CC:CC, 2) -> 34.49 | CE5: =ROUND( 1 - ( (D:D * 0.25) + (E:E* 0.2) + (F:F* 0.15) + (G:G* 0.1) ) * AQ:AQ, 3 ) -> 0.975 | CF5: =ROUND( CD:CD* CE:CE, 2 ) -> 33.63 | CG5: =RANK(CF5,CF:CF) -> 67
A6: 669365 | B6: Phil Salt | C6: Batsman | D6: 1 | E6: 0 | F6: 0 | G6: 1 | H6: 21 | I6: 21 | J6: =ROUND((K6 - MIN($K$2:$K$98)) / (MAX($K$2:$K$98) - MIN($K$2:$K$98)), 1) -> 0.5 | K6: 653 | L6: 0.5 | M6: 0 | N6: Opener | O6: 1 | P6: England | Q6: 1 | R6: 27 | S6: 89 | T6: 34.37 | U6: =ROUND((T6 - MIN(T$2:T$98)) / (MAX(T$2:T$98) - MIN(T$2:T$98)), 1) -> 0.6 | V6: 182 | W6: =ROUND((V6 - MIN(V$2:V$98)) / (MAX(V$2:V$98) - MIN(V$2:V$98)), 1) -> 0.8 | X6: 74 | Y6: 34 | Z6: 0 | AA6: 6 | AB6: 11 | AC6: =IF(AB6>AD6, 3,IF(AB6<AD6, 1, 2)) -> 3 | AD6: 2 | AE6: 0.6 | AF6: 0.015 | AG6: 8 | AH6: 0.243 | AI6: 60 | AJ6: =ROUND((AI6 - MIN(AI$2:AI$98)) / (MAX(AI$2:AI$98) - MIN(AI$2:AI$98)), 1) -> 0.7 | AK6: 0 | AL6: 0 | AM6: 0 | AN6: 0 | AO6: =ROUND((AP6 - MIN($AP$2:$AP2054)) / (MAX($AP$2:$AP2054) - MIN($AP$2:$AP2054)), 1) -> 0 | AP6: 0 | AQ6: =ROUND((AR6 - MIN($AR$2:$AR2054)) / (MAX($AR$2:$AR2054) - MIN($AR$2:$AR2054)), 1) -> 0.2 | AR6: 3 | AS6: 0 | AT6: 0 | AU6: 0 | AV6: 0 | AW6: 39 | AX6: 0.4 | AY6: 12 | AZ6: 0.75 | BA6: 0 | BB6: 0 | BC6: 0 | BD6: 0 | BE6: 8 | BF6: =ROUND((BE6 - MIN(BE$2:BE$174)) / (MAX(BE$2:BE$174) - MIN(BE$2:BE$174)), 1) -> 0.5 | BG6: =IF(AND(K6>=800,V6>=145),3,IF(K6>=400,1,2)) -> 1 | BH6: 7 | BI6: =ROUND((BH6 - MIN(BH$2:BH$174)) / (MAX(BH$2:BH$174) - MIN(BH$2:BH$174)), 1) -> 0.3 | BJ6: 7 | BK6: 0.71 | BL6: 7 | BM6: 0.33 | BN6: 0 | BO6: 0.3 | BP6: =ROUND((0.35 * L6) + (0.25 * W6) + (0.15 * U6) + (0.15 * BF6) + (0.1 * AJ6), 1) -> 0.6 | BQ6: 0 | BR6: 0 | BS6: =(0.45*L6 + 0.35*M6 + 0.12*AJ6 + 0.08*BF6) * (1 - BR6) -> 0.349 | BT6: 0 | BU6: 0 | BV6: 53.55 | BW6: 0.063 | BX6: =D6 * ( BP6*0.4 + L6*0.25 + W6*0.15 + AX6*0.1 + BF6*0.1 ) * 100 -> 57.5 | BY6: =E:E*(BQ:BQ*0.35+AT:AT*0.3+AV:AV*0.15+AN:AN*0.1+AO:AO*0.1)*100 -> 0 | BZ6: =ROUND(IF(N(F6)=1, MAX(0, ( (N(BN6)/18)*0.6 + (N(BF6)/10)*0.25 + N(AX6)*0.15 ) * 100 ), 0 ),3) -> 0 | CA6: =ROUND(G:G*(BO:BO*0.45+AZ:AZ*0.3+BB:BB*0.15+BF:BF*0.1)*100,3) -> 41 | CB6: =BX:BX+BY:BY+BZ:BZ + CA:CA -> 98.5 | CC6: =ROUND(0.7 + (BR:BR* 0.2) + (BS:BS * 0.1),3) -> 0.735 | CD6: =ROUND(CB:CB* CC:CC, 2) -> 72.4 | CE6: =ROUND( 1 - ( (D:D * 0.25) + (E:E* 0.2) + (F:F* 0.15) + (G:G* 0.1) ) * AQ:AQ, 3 ) -> 0.93 | CF6: =ROUND( CD:CD* CE:CE, 2 ) -> 67.33 | CG6: =RANK(CF6,CF:CF) -> 16
A7: 604553 | B7: Nicholas Pooran | C7: Batsman | D7: 1 | E7: 0 | F7: 0 | G7: 0 | H7: 29 | I7: 20 | J7: =ROUND((K7 - MIN($K$2:$K$98)) / (MAX($K$2:$K$98) - MIN($K$2:$K$98)), 1) -> 0.6 | K7: 857 | L7: 0.4 | M7: 0 | N7: Finisher | O7: 3 | P7: West Indies | Q7: 1 | R7: 28 | S7: 75 | T7: 42.85 | U7: =ROUND((T7 - MIN(T$2:T$98)) / (MAX(T$2:T$98) - MIN(T$2:T$98)), 1) -> 0.8 | V7: 175.98 | W7: =ROUND((V7 - MIN(V$2:V$98)) / (MAX(V$2:V$98) - MIN(V$2:V$98)), 1) -> 0.7 | X7: 61 | Y7: 62 | Z7: 0 | AA7: 5 | AB7: 8.75 | AC7: =IF(AB7>AD7, 3,IF(AB7<AD7, 1, 2)) -> 3 | AD7: 2 | AE7: 0.6 | AF7: 0.015 | AG7: 8 | AH7: 0.5 | AI7: 65 | AJ7: =ROUND((AI7 - MIN(AI$2:AI$98)) / (MAX(AI$2:AI$98) - MIN(AI$2:AI$98)), 1) -> 0.8 | AK7: 0 | AL7: 0 | AM7: 0 | AN7: 0 | AO7: =ROUND((AP7 - MIN($AP$2:$AP2055)) / (MAX($AP$2:$AP2055) - MIN($AP$2:$AP2055)), 1) -> 0 | AP7: 0 | AQ7: =ROUND((AR7 - MIN($AR$2:$AR2055)) / (MAX($AR$2:$AR2055) - MIN($AR$2:$AR2055)), 1) -> 0.3 | AR7: 3.5 | AS7: 0 | AT7: 0 | AU7: 0 | AV7: 0 | AW7: 62 | AX7: 0.6 | AY7: 0 | AZ7: =(AP7 - MIN($AP$2:$AP$964)) / (MAX($AP$2:$AP$964) - MIN($AP$2:$AP$964)) -> 0 | BA7: 0 | BB7: 0 | BC7: 0 | BD7: 0 | BE7: 8 | BF7: =ROUND((BE7 - MIN(BE$2:BE$174)) / (MAX(BE$2:BE$174) - MIN(BE$2:BE$174)), 1) -> 0.5 | BG7: =IF(AND(K7>=800,V7>=145),3,IF(K7>=400,1,2)) -> 3 | BH7: 8 | BI7: =ROUND((BH7 - MIN(BH$2:BH$174)) / (MAX(BH$2:BH$174) - MIN(BH$2:BH$174)), 1) -> 0.7 | BJ7: 8 | BK7: 0.86 | BL7: 8 | BM7: 0.67 | BN7: 0 | BO7: 0 | BP7: =ROUND((0.35 * L7) + (0.25 * W7) + (0.15 * U7) + (0.15 * BF7) + (0.1 * AJ7), 1) -> 0.6 | BQ7: 0 | BR7: 0.79 | BS7: =(0.45*L7 + 0.35*M7 + 0.12*AJ7 + 0.08*BF7) * (1 - BR7) -> 0.06636 | BT7: 0 | BU7: 0 | BV7: 62.3 | BW7: 0.073 | BX7: =D7 * ( BP7*0.4 + L7*0.25 + W7*0.15 + AX7*0.1 + BF7*0.1 ) * 100 -> 55.5 | BY7: =E:E*(BQ:BQ*0.35+AT:AT*0.3+AV:AV*0.15+AN:AN*0.1+AO:AO*0.1)*100 -> 0 | BZ7: =ROUND(IF(N(F7)=1, MAX(0, ( (N(BN7)/18)*0.6 + (N(BF7)/10)*0.25 + N(AX7)*0.15 ) * 100 ), 0 ),3) -> 0 | CA7: =ROUND(G:G*(BO:BO*0.45+AZ:AZ*0.3+BB:BB*0.15+BF:BF*0.1)*100,3) -> 0 | CB7: =BX:BX+BY:BY+BZ:BZ + CA:CA -> 55.5 | CC7: =ROUND(0.7 + (BR:BR* 0.2) + (BS:BS * 0.1),3) -> 0.865 | CD7: =ROUND(CB:CB* CC:CC, 2) -> 48.01 | CE7: =ROUND( 1 - ( (D:D * 0.25) + (E:E* 0.2) + (F:F* 0.15) + (G:G* 0.1) ) * AQ:AQ, 3 ) -> 0.925 | CF7: =ROUND( CD:CD* CE:CE, 2 ) -> 44.41 | CG7: =RANK(CF7,CF:CF) -> 41
A8: 1060380 | B8: Ruturaj Gaikwad | C8: Batsman | D8: 1 | E8: 0 | F8: 0 | G8: 0 | H8: 29 | I8: 29 | J8: =ROUND((K8 - MIN($K$2:$K$98)) / (MAX($K$2:$K$98) - MIN($K$2:$K$98)), 1) -> 0.8 | K8: 1173 | L8: 0.6 | M8: 0 | N8: Opener | O8: 1 | P8: India | Q8: 0 | R8: 27 | S8: 108 | T8: 46.92 | U8: =ROUND((T8 - MIN(T$2:T$98)) / (MAX(T$2:T$98) - MIN(T$2:T$98)), 1) -> 0.8 | V8: 144.28 | W8: =ROUND((V8 - MIN(V$2:V$98)) / (MAX(V$2:V$98) - MIN(V$2:V$98)), 1) -> 0.6 | X8: 104 | Y8: 48 | Z8: 1 | AA8: 8 | AB8: 27 | AC8: =IF(AB8>AD8, 3,IF(AB8<AD8, 1, 2)) -> 3 | AD8: 0 | AE8: 0.7 | AF8: 0.0175 | AG8: 7.5 | AH8: 0.01 | AI8: 75 | AJ8: =ROUND((AI8 - MIN(AI$2:AI$98)) / (MAX(AI$2:AI$98) - MIN(AI$2:AI$98)), 1) -> 0.9 | AK8: 0 | AL8: 0 | AM8: 0 | AN8: 0 | AO8: =ROUND((AP8 - MIN($AP$2:$AP2056)) / (MAX($AP$2:$AP2056) - MIN($AP$2:$AP2056)), 1) -> 0 | AP8: 0 | AQ8: =ROUND((AR8 - MIN($AR$2:$AR2056)) / (MAX($AR$2:$AR2056) - MIN($AR$2:$AR2056)), 1) -> 0.3 | AR8: 4 | AS8: 0 | AT8: 0 | AU8: 0 | AV8: 0 | AW8: 53 | AX8: 0.5 | AY8: 0 | AZ8: =(AP8 - MIN($AP$2:$AP$964)) / (MAX($AP$2:$AP$964) - MIN($AP$2:$AP$964)) -> 0 | BA8: 0 | BB8: 0 | BC8: 0 | BD8: 0 | BE8: 7.5 | BF8: =ROUND((BE8 - MIN(BE$2:BE$174)) / (MAX(BE$2:BE$174) - MIN(BE$2:BE$174)), 1) -> 0.4 | BG8: =IF(AND(K8>=800,V8>=145),3,IF(K8>=400,1,2)) -> 1 | BH8: 8 | BI8: =ROUND((BH8 - MIN(BH$2:BH$174)) / (MAX(BH$2:BH$174) - MIN(BH$2:BH$174)), 1) -> 0.7 | BJ8: 8 | BK8: 0.86 | BL8: 8 | BM8: 0.67 | BN8: 0 | BO8: 0 | BP8: =ROUND((0.35 * L8) + (0.25 * W8) + (0.15 * U8) + (0.15 * BF8) + (0.1 * AJ8), 1) -> 0.6 | BQ8: 0 | BR8: 0.76 | BS8: =(0.45*L8 + 0.35*M8 + 0.12*AJ8 + 0.08*BF8) * (1 - BR8) -> 0.0984 | BT8: 0 | BU8: 0 | BV8: 60 | BW8: 0.07 | BX8: =D8 * ( BP8*0.4 + L8*0.25 + W8*0.15 + AX8*0.1 + BF8*0.1 ) * 100 -> 57 | BY8: =E:E*(BQ:BQ*0.35+AT:AT*0.3+AV:AV*0.15+AN:AN*0.1+AO:AO*0.1)*100 -> 0 | BZ8: =ROUND(IF(N(F8)=1, MAX(0, ( (N(BN8)/18)*0.6 + (N(BF8)/10)*0.25 + N(AX8)*0.15 ) * 100 ), 0 ),3) -> 0 | CA8: =ROUND(G:G*(BO:BO*0.45+AZ:AZ*0.3+BB:BB*0.15+BF:BF*0.1)*100,3) -> 0 | CB8: =BX:BX+BY:BY+BZ:BZ + CA:CA -> 57 | CC8: =ROUND(0.7 + (BR:BR* 0.2) + (BS:BS * 0.1),3) -> 0.862 | CD8: =ROUND(CB:CB* CC:CC, 2) -> 49.13 | CE8: =ROUND( 1 - ( (D:D * 0.25) + (E:E* 0.2) + (F:F* 0.15) + (G:G* 0.1) ) * AQ:AQ, 3 ) -> 0.925 | CF8: =ROUND( CD:CD* CE:CE, 2 ) -> 45.45 | CG8: =RANK(CF8,CF:CF) -> 38
A9: 1159186 | B9: Yashasvi Jaiswal | C9: Batsman | D9: 1 | E9: 0 | F9: 0 | G9: 0 | H9: 31 | I9: 31 | J9: =ROUND((K9 - MIN($K$2:$K$98)) / (MAX($K$2:$K$98) - MIN($K$2:$K$98)), 1) -> 0.8 | K9: 1103 | L9: 0.4 | M9: 0 | N9: Opener | O9: 1 | P9: India | Q9: 0 | R9: 22 | S9: 124 | T9: 38.03 | U9: =ROUND((T9 - MIN(T$2:T$98)) / (MAX(T$2:T$98) - MIN(T$2:T$98)), 1) -> 0.7 | V9: 159.86 | W9: =ROUND((V9 - MIN(V$2:V$98)) / (MAX(V$2:V$98) - MIN(V$2:V$98)), 1) -> 0.7 | X9: 138 | Y9: 46 | Z9: 2 | AA9: 6 | AB9: 26.75 | AC9: =IF(AB9>AD9, 3,IF(AB9<AD9, 1, 2)) -> 3 | AD9: 0 | AE9: 0.6 | AF9: 0.015 | AG9: 7.5 | AH9: 0.5 | AI9: 65 | AJ9: =ROUND((AI9 - MIN(AI$2:AI$98)) / (MAX(AI$2:AI$98) - MIN(AI$2:AI$98)), 1) -> 0.8 | AK9: 0 | AL9: 0 | AM9: 0 | AN9: 0 | AO9: =ROUND((AP9 - MIN($AP$2:$AP2057)) / (MAX($AP$2:$AP2057) - MIN($AP$2:$AP2057)), 1) -> 0 | AP9: 0 | AQ9: =ROUND((AR9 - MIN($AR$2:$AR2057)) / (MAX($AR$2:$AR2057) - MIN($AR$2:$AR2057)), 1) -> 0 | AR9: 2 | AS9: 0 | AT9: 0 | AU9: 0 | AV9: 0 | AW9: 31 | AX9: 0.3 | AY9: 0 | AZ9: =(AP9 - MIN($AP$2:$AP$964)) / (MAX($AP$2:$AP$964) - MIN($AP$2:$AP$964)) -> 0 | BA9: 0 | BB9: 0 | BC9: 0 | BD9: 0 | BE9: 7 | BF9: =ROUND((BE9 - MIN(BE$2:BE$174)) / (MAX(BE$2:BE$174) - MIN(BE$2:BE$174)), 1) -> 0.3 | BG9: =IF(AND(K9>=800,V9>=145),3,IF(K9>=400,1,2)) -> 3 | BH9: 8 | BI9: =ROUND((BH9 - MIN(BH$2:BH$174)) / (MAX(BH$2:BH$174) - MIN(BH$2:BH$174)), 1) -> 0.7 | BJ9: 9 | BK9: 1 | BL9: 7 | BM9: 0.33 | BN9: 0 | BO9: 0 | BP9: =ROUND((0.35 * L9) + (0.25 * W9) + (0.15 * U9) + (0.15 * BF9) + (0.1 * AJ9), 1) -> 0.5 | BQ9: 0 | BR9: 0.75 | BS9: =(0.45*L9 + 0.35*M9 + 0.12*AJ9 + 0.08*BF9) * (1 - BR9) -> 0.075 | BT9: 0 | BU9: 0 | BV9: 67.9 | BW9: 0.079 | BX9: =D9 * ( BP9*0.4 + L9*0.25 + W9*0.15 + AX9*0.1 + BF9*0.1 ) * 100 -> 46.5 | BY9: =E:E*(BQ:BQ*0.35+AT:AT*0.3+AV:AV*0.15+AN:AN*0.1+AO:AO*0.1)*100 -> 0 | BZ9: =ROUND(IF(N(F9)=1, MAX(0, ( (N(BN9)/18)*0.6 + (N(BF9)/10)*0.25 + N(AX9)*0.15 ) * 100 ), 0 ),3) -> 0 | CA9: =ROUND(G:G*(BO:BO*0.45+AZ:AZ*0.3+BB:BB*0.15+BF:BF*0.1)*100,3) -> 0 | CB9: =BX:BX+BY:BY+BZ:BZ + CA:CA -> 46.5 | CC9: =ROUND(0.7 + (BR:BR* 0.2) + (BS:BS * 0.1),3) -> 0.858 | CD9: =ROUND(CB:CB* CC:CC, 2) -> 39.9 | CE9: =ROUND( 1 - ( (D:D * 0.25) + (E:E* 0.2) + (F:F* 0.15) + (G:G* 0.1) ) * AQ:AQ, 3 ) -> 1 | CF9: =ROUND( CD:CD* CE:CE, 2 ) -> 39.9 | CG9: =RANK(CF9,CF:CF) -> 47
A10: 44828 | B10: Faf du Plessis | C10: Batsman | D10: 1 | E10: 0 | F10: 0 | G10: 0 | H10: 30 | I10: 30 | J10: =ROUND((K10 - MIN($K$2:$K$98)) / (MAX($K$2:$K$98) - MIN($K$2:$K$98)), 1) -> 0.9 | K10: 1193 | L10: 0.6 | M10: 0 | N10: Opener | O10: 1 | P10: South Africa | Q10: 1 | R10: 40 | S10: 84 | T10: 41.14 | U10: =ROUND((T10 - MIN(T$2:T$98)) / (MAX(T$2:T$98) - MIN(T$2:T$98)), 1) -> 0.7 | V10: 154.33 | W10: =ROUND((V10 - MIN(V$2:V$98)) / (MAX(V$2:V$98) - MIN(V$2:V$98)), 1) -> 0.6 | X10: 110 | Y10: 57 | Z10: 0 | AA10: 12 | AB10: 23.75 | AC10: =IF(AB10>AD10, 3,IF(AB10<AD10, 1, 2)) -> 3 | AD10: 2 | AE10: 0.7 | AF10: 0.0175 | AG10: 6.5 | AH10: 0.074 | AI10: 80 | AJ10: =ROUND((AI10 - MIN(AI$2:AI$98)) / (MAX(AI$2:AI$98) - MIN(AI$2:AI$98)), 1) -> 0.9 | AK10: 0 | AL10: 0 | AM10: 0 | AN10: 0 | AO10: =ROUND((AP10 - MIN($AP$2:$AP2058)) / (MAX($AP$2:$AP2058) - MIN($AP$2:$AP2058)), 1) -> 0 | AP10: 0 | AQ10: =ROUND((AR10 - MIN($AR$2:$AR2058)) / (MAX($AR$2:$AR2058) - MIN($AR$2:$AR2058)), 1) -> 0.8 | AR10: 6.5 | AS10: 0 | AT10: 0 | AU10: 0 | AV10: 0 | AW10: 29 | AX10: 0.3 | AY10: 0 | AZ10: =(AP10 - MIN($AP$2:$AP$964)) / (MAX($AP$2:$AP$964) - MIN($AP$2:$AP$964)) -> 0 | BA10: 0 | BB10: 0 | BC10: 0 | BD10: 0 | BE10: 6.5 | BF10: =ROUND((BE10 - MIN(BE$2:BE$174)) / (MAX(BE$2:BE$174) - MIN(BE$2:BE$174)), 1) -> 0.1 | BG10: =IF(AND(K10>=800,V10>=145),3,IF(K10>=400,1,2)) -> 3 | BH10: 7 | BI10: =ROUND((BH10 - MIN(BH$2:BH$174)) / (MAX(BH$2:BH$174) - MIN(BH$2:BH$174)), 1) -> 0.3 | BJ10: 8 | BK10: 0.86 | BL10: 7 | BM10: 0.33 | BN10: 0 | BO10: 0 | BP10: =ROUND((0.35 * L10) + (0.25 * W10) + (0.15 * U10) + (0.15 * BF10) + (0.1 * AJ10), 1) -> 0.6 | BQ10: 0 | BR10: 0.58 | BS10: =(0.45*L10 + 0.35*M10 + 0.12*AJ10 + 0.08*BF10) * (1 - BR10) -> 0.16212 | BT10: 0 | BU10: 0 | BV10: 55.6 | BW10: 0.066 | BX10: =D10 * ( BP10*0.4 + L10*0.25 + W10*0.15 + AX10*0.1 + BF10*0.1 ) * 100 -> 52 | BY10: =E:E*(BQ:BQ*0.35+AT:AT*0.3+AV:AV*0.15+AN:AN*0.1+AO:AO*0.1)*100 -> 0 | BZ10: =ROUND(IF(N(F10)=1, MAX(0, ( (N(BN10)/18)*0.6 + (N(BF10)/10)*0.25 + N(AX10)*0.15 ) * 100 ), 0 ),3) -> 0 | CA10: =ROUND(G:G*(BO:BO*0.45+AZ:AZ*0.3+BB:BB*0.15+BF:BF*0.1)*100,3) -> 0 | CB10: =BX:BX+BY:BY+BZ:BZ + CA:CA -> 52 | CC10: =ROUND(0.7 + (BR:BR* 0.2) + (BS:BS * 0.1),3) -> 0.832 | CD10: =ROUND(CB:CB* CC:CC, 2) -> 43.26 | CE10: =ROUND( 1 - ( (D:D * 0.25) + (E:E* 0.2) + (F:F* 0.15) + (G:G* 0.1) ) * AQ:AQ, 3 ) -> 0.8 | CF10: =ROUND( CD:CD* CE:CE, 2 ) -> 34.61 | CG10: =RANK(CF10,CF:CF) -> 61
A11: 530011 | B11: Travis Head | C11: Batsman | D11: 1 | E11: 0 | F11: 0 | G11: 0 | H11: 15 | I11: 15 | J11: =ROUND((K11 - MIN($K$2:$K$98)) / (MAX($K$2:$K$98) - MIN($K$2:$K$98)), 1) -> 0.4 | K11: 567 | L11: 0.5 | M11: 0 | N11: Middle | O11: 1 | P11: Australia | Q11: 1 | R11: 30 | S11: 102 | T11: 40.5 | U11: =ROUND((T11 - MIN(T$2:T$98)) / (MAX(T$2:T$98) - MIN(T$2:T$98)), 1) -> 0.7 | V11: 191.55 | W11: =ROUND((V11 - MIN(V$2:V$98)) / (MAX(V$2:V$98) - MIN(V$2:V$98)), 1) -> 0.8 | X11: 64 | Y11: 32 | Z11: 1 | AA11: 4 | AB11: 18 | AC11: =IF(AB11>AD11, 3,IF(AB11<AD11, 1, 2)) -> 3 | AD11: 2 | AE11: 0.6 | AF11: 0.015 | AG11: 8.5 | AH11: 0.25 | AI11: 70 | AJ11: =ROUND((AI11 - MIN(AI$2:AI$98)) / (MAX(AI$2:AI$98) - MIN(AI$2:AI$98)), 1) -> 0.8 | AK11: 0 | AL11: 0 | AM11: 0 | AN11: 0 | AO11: =ROUND((AP11 - MIN($AP$2:$AP2059)) / (MAX($AP$2:$AP2059) - MIN($AP$2:$AP2059)), 1) -> 0 | AP11: 0 | AQ11: =ROUND((AR11 - MIN($AR$2:$AR2059)) / (MAX($AR$2:$AR2059) - MIN($AR$2:$AR2059)), 1) -> 0.4 | AR11: 4.5 | AS11: 0 | AT11: 0 | AU11: 0 | AV11: 0 | AW11: 40 | AX11: 0.4 | AY11: 0 | AZ11: =(AP11 - MIN($AP$2:$AP$964)) / (MAX($AP$2:$AP$964) - MIN($AP$2:$AP$964)) -> 0 | BA11: 0 | BB11: 0 | BC11: 0 | BD11: 0 | BE11: 8.5 | BF11: =ROUND((BE11 - MIN(BE$2:BE$174)) / (MAX(BE$2:BE$174) - MIN(BE$2:BE$174)), 1) -> 0.6 | BG11: =IF(AND(K11>=800,V11>=145),3,IF(K11>=400,1,2)) -> 1 | BH11: 7 | BI11: =ROUND((BH11 - MIN(BH$2:BH$174)) / (MAX(BH$2:BH$174) - MIN(BH$2:BH$174)), 1) -> 0.3 | BJ11: 7 | BK11: 0.71 | BL11: 6 | BM11: 0 | BN11: 0 | BO11: 0 | BP11: =ROUND((0.35 * L11) + (0.25 * W11) + (0.15 * U11) + (0.15 * BF11) + (0.1 * AJ11), 1) -> 0.7 | BQ11: 0 | BR11: 0.83 | BS11: =(0.45*L11 + 0.35*M11 + 0.12*AJ11 + 0.08*BF11) * (1 - BR11) -> 0.06273 | BT11: 0 | BU11: 0 | BV11: 59.35 | BW11: 0.07 | BX11: =D11 * ( BP11*0.4 + L11*0.25 + W11*0.15 + AX11*0.1 + BF11*0.1 ) * 100 -> 62.5 | BY11: =E:E*(BQ:BQ*0.35+AT:AT*0.3+AV:AV*0.15+AN:AN*0.1+AO:AO*0.1)*100 -> 0 | BZ11: =ROUND(IF(N(F11)=1, MAX(0, ( (N(BN11)/18)*0.6 + (N(BF11)/10)*0.25 + N(AX11)*0.15 ) * 100 ), 0 ),3) -> 0 | CA11: =ROUND(G:G*(BO:BO*0.45+AZ:AZ*0.3+BB:BB*0.15+BF:BF*0.1)*100,3) -> 0 | CB11: =BX:BX+BY:BY+BZ:BZ + CA:CA -> 62.5 | CC11: =ROUND(0.7 + (BR:BR* 0.2) + (BS:BS * 0.1),3) -> 0.872 | CD11: =ROUND(CB:CB* CC:CC, 2) -> 54.5 | CE11: =ROUND( 1 - ( (D:D * 0.25) + (E:E* 0.2) + (F:F* 0.15) + (G:G* 0.1) ) * AQ:AQ, 3 ) -> 0.9 | CF11: =ROUND( CD:CD* CE:CE, 2 ) -> 49.05 | CG11: =RANK(CF11,CF:CF) -> 28
A12: 436757 | B12: Heinrich Klaasen | C12: Batsman | D12: 1 | E12: 0 | F12: 0 | G12: 1 | H12: 26 | I12: 26 | J12: =ROUND((K12 - MIN($K$2:$K$98)) / (MAX($K$2:$K$98) - MIN($K$2:$K$98)), 1) -> 0.7 | K12: 927 | L12: 0.5 | M12: 0 | N12: Middle | O12: 3 | P12: South Africa | Q12: 1 | R12: 32 | S12: 104 | T12: 44.14 | U12: =ROUND((T12 - MIN(T$2:T$98)) / (MAX(T$2:T$98) - MIN(T$2:T$98)), 1) -> 0.8 | V12: 173.92 | W12: =ROUND((V12 - MIN(V$2:V$98)) / (MAX(V$2:V$98) - MIN(V$2:V$98)), 1) -> 0.7 | X12: 51 | Y12: 63 | Z12: 1 | AA12: 6 | AB12: 18 | AC12: =IF(AB12>AD12, 3,IF(AB12<AD12, 1, 2)) -> 3 | AD12: 2 | AE12: 0.6 | AF12: 0.015 | AG12: 9 | AH12: 0.125 | AI12: 50 | AJ12: =ROUND((AI12 - MIN(AI$2:AI$98)) / (MAX(AI$2:AI$98) - MIN(AI$2:AI$98)), 1) -> 0.6 | AK12: 2 | AL12: 0 | AM12: 0 | AN12: 0 | AO12: =ROUND((AP12 - MIN($AP$2:$AP2060)) / (MAX($AP$2:$AP2060) - MIN($AP$2:$AP2060)), 1) -> 0 | AP12: 0 | AQ12: =ROUND((AR12 - MIN($AR$2:$AR2060)) / (MAX($AR$2:$AR2060) - MIN($AR$2:$AR2060)), 1) -> 0.5 | AR12: 5 | AS12: 0 | AT12: 0 | AU12: 0 | AV12: 0 | AW12: 39 | AX12: 0.4 | AY12: 10 | AZ12: 0.67 | BA12: 20 | BB12: 0.444 | BC12: 0 | BD12: 0 | BE12: 9 | BF12: =ROUND((BE12 - MIN(BE$2:BE$174)) / (MAX(BE$2:BE$174) - MIN(BE$2:BE$174)), 1) -> 0.8 | BG12: =IF(AND(K12>=800,V12>=145),3,IF(K12>=400,1,2)) -> 3 | BH12: 6 | BI12: =ROUND((BH12 - MIN(BH$2:BH$174)) / (MAX(BH$2:BH$174) - MIN(BH$2:BH$174)), 1) -> 0 | BJ12: 9 | BK12: 1 | BL12: 8 | BM12: 0.67 | BN12: 0 | BO12: 0.4 | BP12: =ROUND((0.35 * L12) + (0.25 * W12) + (0.15 * U12) + (0.15 * BF12) + (0.1 * AJ12), 1) -> 0.7 | BQ12: 0 | BR12: 0.8 | BS12: =(0.45*L12 + 0.35*M12 + 0.12*AJ12 + 0.08*BF12) * (1 - BR12) -> 0.0722 | BT12: 0 | BU12: 0 | BV12: 60.4 | BW12: 0.071 | BX12: =D12 * ( BP12*0.4 + L12*0.25 + W12*0.15 + AX12*0.1 + BF12*0.1 ) * 100 -> 63 | BY12: =E:E*(BQ:BQ*0.35+AT:AT*0.3+AV:AV*0.15+AN:AN*0.1+AO:AO*0.1)*100 -> 0 | BZ12: =ROUND(IF(N(F12)=1, MAX(0, ( (N(BN12)/18)*0.6 + (N(BF12)/10)*0.25 + N(AX12)*0.15 ) * 100 ), 0 ),3) -> 0 | CA12: =ROUND(G:G*(BO:BO*0.45+AZ:AZ*0.3+BB:BB*0.15+BF:BF*0.1)*100,3) -> 52.76 | CB12: =BX:BX+BY:BY+BZ:BZ + CA:CA -> 115.76 | CC12: =ROUND(0.7 + (BR:BR* 0.2) + (BS:BS * 0.1),3) -> 0.867 | CD12: =ROUND(CB:CB* CC:CC, 2) -> 100.36 | CE12: =ROUND( 1 - ( (D:D * 0.25) + (E:E* 0.2) + (F:F* 0.15) + (G:G* 0.1) ) * AQ:AQ, 3 ) -> 0.825 | CF12: =ROUND( CD:CD* CE:CE, 2 ) -> 82.8 | CG12: =RANK(CF12,CF:CF) -> 12
A13: 1079434 | B13: Riyan Parag | C13: Batsman | D13: 1 | E13: 0 | F13: 0 | G13: 0 | H13: 22 | I13: 22 | J13: =ROUND((K13 - MIN($K$2:$K$98)) / (MAX($K$2:$K$98) - MIN($K$2:$K$98)), 1) -> 0.5 | K13: 666 | L13: 0.4 | M13: 0 | N13: Middle | O13: 2 | P13: India | Q13: 0 | R13: 22 | S13: 84 | T13: 37 | U13: =ROUND((T13 - MIN(T$2:T$98)) / (MAX(T$2:T$98) - MIN(T$2:T$98)), 1) -> 0.7 | V13: 143.23 | W13: =ROUND((V13 - MIN(V$2:V$98)) / (MAX(V$2:V$98) - MIN(V$2:V$98)), 1) -> 0.6 | X13: 45 | Y13: 38 | Z13: 0 | AA13: 4 | AB13: 15.75 | AC13: =IF(AB13>AD13, 3,IF(AB13<AD13, 1, 2)) -> 3 | AD13: 0 | AE13: 0.5 | AF13: 0.0125 | AG13: 8.5 | AH13: 0.05 | AI13: 40 | AJ13: =ROUND((AI13 - MIN(AI$2:AI$98)) / (MAX(AI$2:AI$98) - MIN(AI$2:AI$98)), 1) -> 0.4 | AK13: 0 | AL13: 0 | AM13: 0 | AN13: 0 | AO13: =ROUND((AP13 - MIN($AP$2:$AP2061)) / (MAX($AP$2:$AP2061) - MIN($AP$2:$AP2061)), 1) -> 0 | AP13: 0 | AQ13: =ROUND((AR13 - MIN($AR$2:$AR2061)) / (MAX($AR$2:$AR2061) - MIN($AR$2:$AR2061)), 1) -> 0.1 | AR13: 2.5 | AS13: 0 | AT13: 0 | AU13: 0 | AV13: 0 | AW13: 52 | AX13: 0.5 | AY13: 0 | AZ13: =(AP13 - MIN($AP$2:$AP$964)) / (MAX($AP$2:$AP$964) - MIN($AP$2:$AP$964)) -> 0 | BA13: 0 | BB13: 0 | BC13: 0 | BD13: 0 | BE13: 8.5 | BF13: =ROUND((BE13 - MIN(BE$2:BE$174)) / (MAX(BE$2:BE$174) - MIN(BE$2:BE$174)), 1) -> 0.6 | BG13: =IF(AND(K13>=800,V13>=145),3,IF(K13>=400,1,2)) -> 1 | BH13: 6 | BI13: =ROUND((BH13 - MIN(BH$2:BH$174)) / (MAX(BH$2:BH$174) - MIN(BH$2:BH$174)), 1) -> 0 | BJ13: 6 | BK13: 0.57 | BL13: 9 | BM13: 1 | BN13: 0 | BO13: 0 | BP13: =ROUND((0.35 * L13) + (0.25 * W13) + (0.15 * U13) + (0.15 * BF13) + (0.1 * AJ13), 1) -> 0.5 | BQ13: 0 | BR13: 0.63 | BS13: =(0.45*L13 + 0.35*M13 + 0.12*AJ13 + 0.08*BF13) * (1 - BR13) -> 0.10212 | BT13: 0 | BU13: 0 | BV13: 35.15 | BW13: 0.043 | BX13: =D13 * ( BP13*0.4 + L13*0.25 + W13*0.15 + AX13*0.1 + BF13*0.1 ) * 100 -> 50 | BY13: =E:E*(BQ:BQ*0.35+AT:AT*0.3+AV:AV*0.15+AN:AN*0.1+AO:AO*0.1)*100 -> 0 | BZ13: =ROUND(IF(N(F13)=1, MAX(0, ( (N(BN13)/18)*0.6 + (N(BF13)/10)*0.25 + N(AX13)*0.15 ) * 100 ), 0 ),3) -> 0 | CA13: =ROUND(G:G*(BO:BO*0.45+AZ:AZ*0.3+BB:BB*0.15+BF:BF*0.1)*100,3) -> 0 | CB13: =BX:BX+BY:BY+BZ:BZ + CA:CA -> 50 | CC13: =ROUND(0.7 + (BR:BR* 0.2) + (BS:BS * 0.1),3) -> 0.836 | CD13: =ROUND(CB:CB* CC:CC, 2) -> 41.8 | CE13: =ROUND( 1 - ( (D:D * 0.25) + (E:E* 0.2) + (F:F* 0.15) + (G:G* 0.1) ) * AQ:AQ, 3 ) -> 0.975 | CF13: =ROUND( CD:CD* CE:CE, 2 ) -> 40.76 | CG13: =RANK(CF13,CF:CF) -> 46
A14: 931581 | B14: Rishab Pant | C14: Batsman | D14: 1 | E14: 0 | F14: 0 | G14: 0 | H14: 13 | I14: 13 | J14: =ROUND((K14 - MIN($K$2:$K$98)) / (MAX($K$2:$K$98) - MIN($K$2:$K$98)), 1) -> 0.3 | K14: 446 | L14: 0.4 | M14: 0 | N14: Finisher | O14: 2 | P14: India | Q14: 0 | R14: 26 | S14: 88 | T14: 40.55 | U14: =ROUND((T14 - MIN(T$2:T$98)) / (MAX(T$2:T$98) - MIN(T$2:T$98)), 1) -> 0.7 | V14: 155.4 | W14: =ROUND((V14 - MIN(V$2:V$98)) / (MAX(V$2:V$98) - MIN(V$2:V$98)), 1) -> 0.6 | X14: 36 | Y14: 25 | Z14: 0 | AA14: 3 | AB14: 14 | AC14: =IF(AB14>AD14, 3,IF(AB14<AD14, 1, 2)) -> 3 | AD14: 2 | AE14: 0.7 | AF14: 0.0175 | AG14: 8 | AH14: 0.054 | AI14: 60 | AJ14: =ROUND((AI14 - MIN(AI$2:AI$98)) / (MAX(AI$2:AI$98) - MIN(AI$2:AI$98)), 1) -> 0.7 | AK14: 0 | AL14: 0 | AM14: 0 | AN14: 0 | AO14: =ROUND((AP14 - MIN($AP$2:$AP2062)) / (MAX($AP$2:$AP2062) - MIN($AP$2:$AP2062)), 1) -> 0 | AP14: 0 | AQ14: =ROUND((AR14 - MIN($AR$2:$AR2062)) / (MAX($AR$2:$AR2062) - MIN($AR$2:$AR2062)), 1) -> 0.3 | AR14: 3.5 | AS14: 0 | AT14: 0 | AU14: 0 | AV14: 0 | AW14: 40 | AX14: 0.4 | AY14: 0 | AZ14: =(AP14 - MIN($AP$2:$AP$964)) / (MAX($AP$2:$AP$964) - MIN($AP$2:$AP$964)) -> 0 | BA14: 0 | BB14: 0 | BC14: 0 | BD14: 0 | BE14: 8 | BF14: =ROUND((BE14 - MIN(BE$2:BE$174)) / (MAX(BE$2:BE$174) - MIN(BE$2:BE$174)), 1) -> 0.5 | BG14: =IF(AND(K14>=800,V14>=145),3,IF(K14>=400,1,2)) -> 1 | BH14: 7 | BI14: =ROUND((BH14 - MIN(BH$2:BH$174)) / (MAX(BH$2:BH$174) - MIN(BH$2:BH$174)), 1) -> 0.3 | BJ14: 8 | BK14: 0.86 | BL14: 8 | BM14: 0.67 | BN14: 0 | BO14: 0 | BP14: =ROUND((0.35 * L14) + (0.25 * W14) + (0.15 * U14) + (0.15 * BF14) + (0.1 * AJ14), 1) -> 0.5 | BQ14: 0 | BR14: 0.74 | BS14: =(0.45*L14 + 0.35*M14 + 0.12*AJ14 + 0.08*BF14) * (1 - BR14) -> 0.07904 | BT14: 0 | BU14: 0 | BV14: 55.3 | BW14: 0.065 | BX14: =D14 * ( BP14*0.4 + L14*0.25 + W14*0.15 + AX14*0.1 + BF14*0.1 ) * 100 -> 48 | BY14: =E:E*(BQ:BQ*0.35+AT:AT*0.3+AV:AV*0.15+AN:AN*0.1+AO:AO*0.1)*100 -> 0 | BZ14: =ROUND(IF(N(F14)=1, MAX(0, ( (N(BN14)/18)*0.6 + (N(BF14)/10)*0.25 + N(AX14)*0.15 ) * 100 ), 0 ),3) -> 0 | CA14: =ROUND(G:G*(BO:BO*0.45+AZ:AZ*0.3+BB:BB*0.15+BF:BF*0.1)*100,3) -> 0 | CB14: =BX:BX+BY:BY+BZ:BZ + CA:CA -> 48 | CC14: =ROUND(0.7 + (BR:BR* 0.2) + (BS:BS * 0.1),3) -> 0.856 | CD14: =ROUND(CB:CB* CC:CC, 2) -> 41.09 | CE14: =ROUND( 1 - ( (D:D * 0.25) + (E:E* 0.2) + (F:F* 0.15) + (G:G* 0.1) ) * AQ:AQ, 3 ) -> 0.925 | CF14: =ROUND( CD:CD* CE:CE, 2 ) -> 38.01 | CG14: =RANK(CF14,CF:CF) -> 50
A15: 1202550 | B15: Jake Fraser-McGurk | C15: Batsman | D15: 1 | E15: 0 | F15: 0 | G15: 0 | H15: 9 | I15: 9 | J15: =ROUND((K15 - MIN($K$2:$K$98)) / (MAX($K$2:$K$98) - MIN($K$2:$K$98)), 1) -> 0.2 | K15: 330 | L15: 0.2 | M15: 0 | N15: Middle | O15: 1 | P15: Australia | Q15: 1 | R15: 21 | S15: 84 | T15: 36.67 | U15: =ROUND((T15 - MIN(T$2:T$98)) / (MAX(T$2:T$98) - MIN(T$2:T$98)), 1) -> 0.7 | V15: 234.04 | W15: =ROUND((V15 - MIN(V$2:V$98)) / (MAX(V$2:V$98) - MIN(V$2:V$98)), 1) -> 1 | X15: 32 | Y15: 28 | Z15: 0 | AA15: 4 | AB15: 12.5 | AC15: =IF(AB15>AD15, 3,IF(AB15<AD15, 1, 2)) -> 3 | AD15: 2 | AE15: 0.5 | AF15: 0.0125 | AG15: 7.5 | AH15: 0.083 | AI15: 50 | AJ15: =ROUND((AI15 - MIN(AI$2:AI$98)) / (MAX(AI$2:AI$98) - MIN(AI$2:AI$98)), 1) -> 0.6 | AK15: 0 | AL15: 0 | AM15: 0 | AN15: 0 | AO15: =ROUND((AP15 - MIN($AP$2:$AP2063)) / (MAX($AP$2:$AP2063) - MIN($AP$2:$AP2063)), 1) -> 0 | AP15: 0 | AQ15: =ROUND((AR15 - MIN($AR$2:$AR2063)) / (MAX($AR$2:$AR2063) - MIN($AR$2:$AR2063)), 1) -> 0.2 | AR15: 3 | AS15: 0 | AT15: 0 | AU15: 0 | AV15: 0 | AW15: 45 | AX15: 0.5 | AY15: 0 | AZ15: =(AP15 - MIN($AP$2:$AP$964)) / (MAX($AP$2:$AP$964) - MIN($AP$2:$AP$964)) -> 0 | BA15: 0 | BB15: 0 | BC15: 0 | BD15: 0 | BE15: 7.5 | BF15: =ROUND((BE15 - MIN(BE$2:BE$174)) / (MAX(BE$2:BE$174) - MIN(BE$2:BE$174)), 1) -> 0.4 | BG15: =IF(AND(K15>=800,V15>=145),3,IF(K15>=400,1,2)) -> 2 | BH15: 7 | BI15: =ROUND((BH15 - MIN(BH$2:BH$174)) / (MAX(BH$2:BH$174) - MIN(BH$2:BH$174)), 1) -> 0.3 | BJ15: 6 | BK15: 0.57 | BL15: 8 | BM15: 0.67 | BN15: 0 | BO15: 0 | BP15: =ROUND((0.35 * L15) + (0.25 * W15) + (0.15 * U15) + (0.15 * BF15) + (0.1 * AJ15), 1) -> 0.5 | BQ15: 0 | BR15: 0 | BS15: =(0.45*L15 + 0.35*M15 + 0.12*AJ15 + 0.08*BF15) * (1 - BR15) -> 0.194 | BT15: 0 | BU15: 0 | BV15: 42.55 | BW15: 0.051 | BX15: =D15 * ( BP15*0.4 + L15*0.25 + W15*0.15 + AX15*0.1 + BF15*0.1 ) * 100 -> 49 | BY15: =E:E*(BQ:BQ*0.35+AT:AT*0.3+AV:AV*0.15+AN:AN*0.1+AO:AO*0.1)*100 -> 0 | BZ15: =ROUND(IF(N(F15)=1, MAX(0, ( (N(BN15)/18)*0.6 + (N(BF15)/10)*0.25 + N(AX15)*0.15 ) * 100 ), 0 ),3) -> 0 | CA15: =ROUND(G:G*(BO:BO*0.45+AZ:AZ*0.3+BB:BB*0.15+BF:BF*0.1)*100,3) -> 0 | CB15: =BX:BX+BY:BY+BZ:BZ + CA:CA -> 49 | CC15: =ROUND(0.7 + (BR:BR* 0.2) + (BS:BS * 0.1),3) -> 0.719 | CD15: =ROUND(CB:CB* CC:CC, 2) -> 35.23 | CE15: =ROUND( 1 - ( (D:D * 0.25) + (E:E* 0.2) + (F:F* 0.15) + (G:G* 0.1) ) * AQ:AQ, 3 ) -> 0.95 | CF15: =ROUND( CD:CD* CE:CE, 2 ) -> 33.47 | CG15: =RANK(CF15,CF:CF) -> 69
A16: 422108 | B16: Lokesh Rahul | C16: Batsman | D16: 1 | E16: 0 | F16: 0 | G16: 0 | H16: 23 | I16: 23 | J16: =ROUND((K16 - MIN($K$2:$K$98)) / (MAX($K$2:$K$98) - MIN($K$2:$K$98)), 1) -> 0.6 | K16: 794 | L16: 0.3 | M16: 0 | N16: Middle | O16: 1 | P16: India | Q16: 0 | R16: 31 | S16: 82 | T16: 36.09 | U16: =ROUND((T16 - MIN(T$2:T$98)) / (MAX(T$2:T$98) - MIN(T$2:T$98)), 1) -> 0.7 | V16: 127.24 | W16: =ROUND((V16 - MIN(V$2:V$98)) / (MAX(V$2:V$98) - MIN(V$2:V$98)), 1) -> 0.5 | X16: 73 | Y16: 23 | Z16: 0 | AA16: 6 | AB16: 12.5 | AC16: =IF(AB16>AD16, 3,IF(AB16<AD16, 1, 2)) -> 3 | AD16: 2 | AE16: 0.7 | AF16: 0.0175 | AG16: 7 | AH16: 0.135 | AI16: 75 | AJ16: =ROUND((AI16 - MIN(AI$2:AI$98)) / (MAX(AI$2:AI$98) - MIN(AI$2:AI$98)), 1) -> 0.9 | AK16: 0 | AL16: 0 | AM16: 0 | AN16: 0 | AO16: =ROUND((AP16 - MIN($AP$2:$AP2064)) / (MAX($AP$2:$AP2064) - MIN($AP$2:$AP2064)), 1) -> 0 | AP16: 0 | AQ16: =ROUND((AR16 - MIN($AR$2:$AR2064)) / (MAX($AR$2:$AR2064) - MIN($AR$2:$AR2064)), 1) -> 0.4 | AR16: 4.5 | AS16: 0 | AT16: 0 | AU16: 0 | AV16: 0 | AW16: 37 | AX16: 0.4 | AY16: 0 | AZ16: =(AP16 - MIN($AP$2:$AP$964)) / (MAX($AP$2:$AP$964) - MIN($AP$2:$AP$964)) -> 0 | BA16: 0 | BB16: 0 | BC16: 0 | BD16: 0 | BE16: 7 | BF16: =ROUND((BE16 - MIN(BE$2:BE$174)) / (MAX(BE$2:BE$174) - MIN(BE$2:BE$174)), 1) -> 0.3 | BG16: =IF(AND(K16>=800,V16>=145),3,IF(K16>=400,1,2)) -> 1 | BH16: 6 | BI16: =ROUND((BH16 - MIN(BH$2:BH$174)) / (MAX(BH$2:BH$174) - MIN(BH$2:BH$174)), 1) -> 0 | BJ16: 8 | BK16: 0.86 | BL16: 7 | BM16: 0.33 | BN16: 0 | BO16: 0 | BP16: =ROUND((0.35 * L16) + (0.25 * W16) + (0.15 * U16) + (0.15 * BF16) + (0.1 * AJ16), 1) -> 0.5 | BQ16: 0 | BR16: 0 | BS16: =(0.45*L16 + 0.35*M16 + 0.12*AJ16 + 0.08*BF16) * (1 - BR16) -> 0.267 | BT16: 0 | BU16: 0 | BV16: 54.7 | BW16: 0.065 | BX16: =D16 * ( BP16*0.4 + L16*0.25 + W16*0.15 + AX16*0.1 + BF16*0.1 ) * 100 -> 42 | BY16: =E:E*(BQ:BQ*0.35+AT:AT*0.3+AV:AV*0.15+AN:AN*0.1+AO:AO*0.1)*100 -> 0 | BZ16: =ROUND(IF(N(F16)=1, MAX(0, ( (N(BN16)/18)*0.6 + (N(BF16)/10)*0.25 + N(AX16)*0.15 ) * 100 ), 0 ),3) -> 0 | CA16: =ROUND(G:G*(BO:BO*0.45+AZ:AZ*0.3+BB:BB*0.15+BF:BF*0.1)*100,3) -> 0 | CB16: =BX:BX+BY:BY+BZ:BZ + CA:CA -> 42 | CC16: =ROUND(0.7 + (BR:BR* 0.2) + (BS:BS * 0.1),3) -> 0.727 | CD16: =ROUND(CB:CB* CC:CC, 2) -> 30.53 | CE16: =ROUND( 1 - ( (D:D * 0.25) + (E:E* 0.2) + (F:F* 0.15) + (G:G* 0.1) ) * AQ:AQ, 3 ) -> 0.9 | CF16: =ROUND( CD:CD* CE:CE, 2 ) -> 27.48 | CG16: =RANK(CF16,CF:CF) -> 116
A17: 318845 | B17: Rilee Rossouw | C17: Batsman | D17: 1 | E17: 0 | F17: 0 | G17: 0 | H17: 17 | I17: 17 | J17: =ROUND((K17 - MIN($K$2:$K$98)) / (MAX($K$2:$K$98) - MIN($K$2:$K$98)), 1) -> 0.3 | K17: 420 | L17: 0.3 | M17: 0 | N17: Middle | O17: 2 | P17: South Africa | Q17: 1 | R17: 34 | S17: 82 | T17: 28 | U17: =ROUND((T17 - MIN(T$2:T$98)) / (MAX(T$2:T$98) - MIN(T$2:T$98)), 1) -> 0.5 | V17: 163.42 | W17: =ROUND((V17 - MIN(V$2:V$98)) / (MAX(V$2:V$98) - MIN(V$2:V$98)), 1) -> 0.7 | X17: 42 | Y17: 22 | Z17: 0 | AA17: 2 | AB17: 12.5 | AC17: =IF(AB17>AD17, 3,IF(AB17<AD17, 1, 2)) -> 3 | AD17: 2 | AE17: 0.6 | AF17: 0.015 | AG17: 6.5 | AH17: 0.121 | AI17: 65 | AJ17: =ROUND((AI17 - MIN(AI$2:AI$98)) / (MAX(AI$2:AI$98) - MIN(AI$2:AI$98)), 1) -> 0.8 | AK17: 0 | AL17: 0 | AM17: 0 | AN17: 0 | AO17: =ROUND((AP17 - MIN($AP$2:$AP2065)) / (MAX($AP$2:$AP2065) - MIN($AP$2:$AP2065)), 1) -> 0 | AP17: 0 | AQ17: =ROUND((AR17 - MIN($AR$2:$AR2065)) / (MAX($AR$2:$AR2065) - MIN($AR$2:$AR2065)), 1) -> 0.5 | AR17: 5 | AS17: 0 | AT17: 0 | AU17: 0 | AV17: 0 | AW17: 50 | AX17: 0.5 | AY17: 0 | AZ17: =(AP17 - MIN($AP$2:$AP$964)) / (MAX($AP$2:$AP$964) - MIN($AP$2:$AP$964)) -> 0 | BA17: 0 | BB17: 0 | BC17: 0 | BD17: 0 | BE17: 6.5 | BF17: =ROUND((BE17 - MIN(BE$2:BE$174)) / (MAX(BE$2:BE$174) - MIN(BE$2:BE$174)), 1) -> 0.1 | BG17: =IF(AND(K17>=800,V17>=145),3,IF(K17>=400,1,2)) -> 1 | BH17: 6 | BI17: =ROUND((BH17 - MIN(BH$2:BH$174)) / (MAX(BH$2:BH$174) - MIN(BH$2:BH$174)), 1) -> 0 | BJ17: 7 | BK17: 0.71 | BL17: 7 | BM17: 0.33 | BN17: 0 | BO17: 0 | BP17: =ROUND((0.35 * L17) + (0.25 * W17) + (0.15 * U17) + (0.15 * BF17) + (0.1 * AJ17), 1) -> 0.5 | BQ17: 0 | BR17: 0 | BS17: =(0.45*L17 + 0.35*M17 + 0.12*AJ17 + 0.08*BF17) * (1 - BR17) -> 0.239 | BT17: 0 | BU17: 0 | BV17: 47.85 | BW17: 0.057 | BX17: =D17 * ( BP17*0.4 + L17*0.25 + W17*0.15 + AX17*0.1 + BF17*0.1 ) * 100 -> 44 | BY17: =E:E*(BQ:BQ*0.35+AT:AT*0.3+AV:AV*0.15+AN:AN*0.1+AO:AO*0.1)*100 -> 0 | BZ17: =ROUND(IF(N(F17)=1, MAX(0, ( (N(BN17)/18)*0.6 + (N(BF17)/10)*0.25 + N(AX17)*0.15 ) * 100 ), 0 ),3) -> 0 | CA17: =ROUND(G:G*(BO:BO*0.45+AZ:AZ*0.3+BB:BB*0.15+BF:BF*0.1)*100,3) -> 0 | CB17: =BX:BX+BY:BY+BZ:BZ + CA:CA -> 44 | CC17: =ROUND(0.7 + (BR:BR* 0.2) + (BS:BS * 0.1),3) -> 0.724 | CD17: =ROUND(CB:CB* CC:CC, 2) -> 31.86 | CE17: =ROUND( 1 - ( (D:D * 0.25) + (E:E* 0.2) + (F:F* 0.15) + (G:G* 0.1) ) * AQ:AQ, 3 ) -> 0.875 | CF17: =ROUND( CD:CD* CE:CE, 2 ) -> 27.88 | CG17: =RANK(CF17,CF:CF) -> 113
A18: 1070183 | B18: Sanju Samson | C18: Batsman | D18: 1 | E18: 0 | F18: 0 | G18: 1 | H18: 31 | I18: 31 | J18: =ROUND((K18 - MIN($K$2:$K$98)) / (MAX($K$2:$K$98) - MIN($K$2:$K$98)), 1) -> 0.7 | K18: 930 | L18: 0.4 | M18: 0 | N18: Middle | O18: 2 | P18: India | Q18: 0 | R18: 29 | S18: 86 | T18: 37.2 | U18: =ROUND((T18 - MIN(T$2:T$98)) / (MAX(T$2:T$98) - MIN(T$2:T$98)), 1) -> 0.7 | V18: 151.47 | W18: =ROUND((V18 - MIN(V$2:V$98)) / (MAX(V$2:V$98) - MIN(V$2:V$98)), 1) -> 0.6 | X18: 48 | Y18: 50 | Z18: 0 | AA18: 8 | AB18: 12.5 | AC18: =IF(AB18>AD18, 3,IF(AB18<AD18, 1, 2)) -> 3 | AD18: 0 | AE18: 0.6 | AF18: 0.015 | AG18: 8 | AH18: 0.2 | AI18: 70 | AJ18: =ROUND((AI18 - MIN(AI$2:AI$98)) / (MAX(AI$2:AI$98) - MIN(AI$2:AI$98)), 1) -> 0.8 | AK18: 1 | AL18: 0 | AM18: 0 | AN18: 0 | AO18: =ROUND((AP18 - MIN($AP$2:$AP2066)) / (MAX($AP$2:$AP2066) - MIN($AP$2:$AP2066)), 1) -> 0 | AP18: 0 | AQ18: =ROUND((AR18 - MIN($AR$2:$AR2066)) / (MAX($AR$2:$AR2066) - MIN($AR$2:$AR2066)), 1) -> 0.3 | AR18: 4 | AS18: 0 | AT18: 0 | AU18: 0 | AV18: 0 | AW18: 48 | AX18: 0.5 | AY18: 9 | AZ18: 0.56 | BA18: 11 | BB18: 0.23 | BC18: 0 | BD18: 0 | BE18: 8 | BF18: =ROUND((BE18 - MIN(BE$2:BE$174)) / (MAX(BE$2:BE$174) - MIN(BE$2:BE$174)), 1) -> 0.5 | BG18: =IF(AND(K18>=800,V18>=145),3,IF(K18>=400,1,2)) -> 3 | BH18: 6 | BI18: =ROUND((BH18 - MIN(BH$2:BH$174)) / (MAX(BH$2:BH$174) - MIN(BH$2:BH$174)), 1) -> 0 | BJ18: 8 | BK18: 0.86 | BL18: 6 | BM18: 0 | BN18: 0 | BO18: 0.4 | BP18: =ROUND((0.35 * L18) + (0.25 * W18) + (0.15 * U18) + (0.15 * BF18) + (0.1 * AJ18), 1) -> 0.6 | BQ18: 0 | BR18: 0.72 | BS18: =(0.45*L18 + 0.35*M18 + 0.12*AJ18 + 0.08*BF18) * (1 - BR18) -> 0.08848 | BT18: 0 | BU18: 0 | BV18: 62.8 | BW18: 0.073 | BX18: =D18 * ( BP18*0.4 + L18*0.25 + W18*0.15 + AX18*0.1 + BF18*0.1 ) * 100 -> 53 | BY18: =E:E*(BQ:BQ*0.35+AT:AT*0.3+AV:AV*0.15+AN:AN*0.1+AO:AO*0.1)*100 -> 0 | BZ18: =ROUND(IF(N(F18)=1, MAX(0, ( (N(BN18)/18)*0.6 + (N(BF18)/10)*0.25 + N(AX18)*0.15 ) * 100 ), 0 ),3) -> 0 | CA18: =ROUND(G:G*(BO:BO*0.45+AZ:AZ*0.3+BB:BB*0.15+BF:BF*0.1)*100,3) -> 43.25 | CB18: =BX:BX+BY:BY+BZ:BZ + CA:CA -> 96.25 | CC18: =ROUND(0.7 + (BR:BR* 0.2) + (BS:BS * 0.1),3) -> 0.853 | CD18: =ROUND(CB:CB* CC:CC, 2) -> 82.1 | CE18: =ROUND( 1 - ( (D:D * 0.25) + (E:E* 0.2) + (F:F* 0.15) + (G:G* 0.1) ) * AQ:AQ, 3 ) -> 0.895 | CF18: =ROUND( CD:CD* CE:CE, 2 ) -> 73.48 | CG18: =RANK(CF18,CF:CF) -> 15
A19: 1159186 | B19: Tilak Varma | C19: Batsman | D19: 1 | E19: 0 | F19: 0 | G19: 0 | H19: 24 | I19: 24 | J19: =ROUND((K19 - MIN($K$2:$K$98)) / (MAX($K$2:$K$98) - MIN($K$2:$K$98)), 1) -> 0.5 | K19: 759 | L19: 0.4 | M19: 0 | N19: Middle | O19: 2 | P19: India | Q19: 0 | R19: 21 | S19: 84 | T19: 42.17 | U19: =ROUND((T19 - MIN(T$2:T$98)) / (MAX(T$2:T$98) - MIN(T$2:T$98)), 1) -> 0.8 | V19: 155.85 | W19: =ROUND((V19 - MIN(V$2:V$98)) / (MAX(V$2:V$98) - MIN(V$2:V$98)), 1) -> 0.6 | X19: 61 | Y19: 42 | Z19: 0 | AA19: 4 | AB19: 11.75 | AC19: =IF(AB19>AD19, 3,IF(AB19<AD19, 1, 2)) -> 3 | AD19: 0.5 | AE19: 0.6 | AF19: 0.015 | AG19: 7.5 | AH19: 0.019 | AI19: 60 | AJ19: =ROUND((AI19 - MIN(AI$2:AI$98)) / (MAX(AI$2:AI$98) - MIN(AI$2:AI$98)), 1) -> 0.7 | AK19: 0 | AL19: 0 | AM19: 0 | AN19: 0 | AO19: =ROUND((AP19 - MIN($AP$2:$AP2067)) / (MAX($AP$2:$AP2067) - MIN($AP$2:$AP2067)), 1) -> 0 | AP19: 0 | AQ19: =ROUND((AR19 - MIN($AR$2:$AR2067)) / (MAX($AR$2:$AR2067) - MIN($AR$2:$AR2067)), 1) -> 0.1 | AR19: 2.5 | AS19: 0 | AT19: 0 | AU19: 0 | AV19: 0 | AW19: 33 | AX19: 0.3 | AY19: 0 | AZ19: =(AP19 - MIN($AP$2:$AP$964)) / (MAX($AP$2:$AP$964) - MIN($AP$2:$AP$964)) -> 0 | BA19: 0 | BB19: 0 | BC19: 0 | BD19: 0 | BE19: 7.5 | BF19: =ROUND((BE19 - MIN(BE$2:BE$174)) / (MAX(BE$2:BE$174) - MIN(BE$2:BE$174)), 1) -> 0.4 | BG19: =IF(AND(K19>=800,V19>=145),3,IF(K19>=400,1,2)) -> 1 | BH19: 6 | BI19: =ROUND((BH19 - MIN(BH$2:BH$174)) / (MAX(BH$2:BH$174) - MIN(BH$2:BH$174)), 1) -> 0 | BJ19: 8 | BK19: 0.86 | BL19: 8 | BM19: 0.67 | BN19: 0 | BO19: 0 | BP19: =ROUND((0.35 * L19) + (0.25 * W19) + (0.15 * U19) + (0.15 * BF19) + (0.1 * AJ19), 1) -> 0.5 | BQ19: 0 | BR19: 0.61 | BS19: =(0.45*L19 + 0.35*M19 + 0.12*AJ19 + 0.08*BF19) * (1 - BR19) -> 0.11544 | BT19: 0 | BU19: 0 | BV19: 49 | BW19: 0.058 | BX19: =D19 * ( BP19*0.4 + L19*0.25 + W19*0.15 + AX19*0.1 + BF19*0.1 ) * 100 -> 46 | BY19: =E:E*(BQ:BQ*0.35+AT:AT*0.3+AV:AV*0.15+AN:AN*0.1+AO:AO*0.1)*100 -> 0 | BZ19: =ROUND(IF(N(F19)=1, MAX(0, ( (N(BN19)/18)*0.6 + (N(BF19)/10)*0.25 + N(AX19)*0.15 ) * 100 ), 0 ),3) -> 0 | CA19: =ROUND(G:G*(BO:BO*0.45+AZ:AZ*0.3+BB:BB*0.15+BF:BF*0.1)*100,3) -> 0 | CB19: =BX:BX+BY:BY+BZ:BZ + CA:CA -> 46 | CC19: =ROUND(0.7 + (BR:BR* 0.2) + (BS:BS * 0.1),3) -> 0.834 | CD19: =ROUND(CB:CB* CC:CC, 2) -> 38.36 | CE19: =ROUND( 1 - ( (D:D * 0.25) + (E:E* 0.2) + (F:F* 0.15) + (G:G* 0.1) ) * AQ:AQ, 3 ) -> 0.975 | CF19: =ROUND( CD:CD* CE:CE, 2 ) -> 37.4 | CG19: =RANK(CF19,CF:CF) -> 52
A20: 1168045 | B20: Marcus Stoinis | C20: Batsman | D20: 1 | E20: 0 | F20: 0 | G20: 0 | H20: 29 | I20: 29 | J20: =ROUND((K20 - MIN($K$2:$K$98)) / (MAX($K$2:$K$98) - MIN($K$2:$K$98)), 1) -> 0.6 | K20: 796 | L20: 0.4 | M20: 0 | N20: Finisher | O20: 3 | P20: Australia | Q20: 1 | R20: 34 | S20: 124 | T20: 31.84 | U20: =ROUND((T20 - MIN(T$2:T$98)) / (MAX(T$2:T$98) - MIN(T$2:T$98)), 1) -> 0.6 | V20: 148.79 | W20: =ROUND((V20 - MIN(V$2:V$98)) / (MAX(V$2:V$98) - MIN(V$2:V$98)), 1) -> 0.6 | X20: 67 | Y20: 43 | Z20: 1 | AA20: 5 | AB20: 11 | AC20: =IF(AB20>AD20, 3,IF(AB20<AD20, 1, 2)) -> 3 | AD20: 2 | AE20: 0.7 | AF20: 0.0175 | AG20: 8 | AH20: 0.25 | AI20: 65 | AJ20: =ROUND((AI20 - MIN(AI$2:AI$98)) / (MAX(AI$2:AI$98) - MIN(AI$2:AI$98)), 1) -> 0.8 | AK20: 0 | AL20: 0 | AM20: 0 | AN20: 0 | AO20: =ROUND((AP20 - MIN($AP$2:$AP2068)) / (MAX($AP$2:$AP2068) - MIN($AP$2:$AP2068)), 1) -> 0 | AP20: 0 | AQ20: =ROUND((AR20 - MIN($AR$2:$AR2068)) / (MAX($AR$2:$AR2068) - MIN($AR$2:$AR2068)), 1) -> 0.6 | AR20: 5.5 | AS20: 0 | AT20: 0 | AU20: 0 | AV20: 0 | AW20: 42 | AX20: 0.4 | AY20: 0 | AZ20: =(AP20 - MIN($AP$2:$AP$964)) / (MAX($AP$2:$AP$964) - MIN($AP$2:$AP$964)) -> 0 | BA20: 0 | BB20: 0 | BC20: 0 | BD20: 0 | BE20: 8 | BF20: =ROUND((BE20 - MIN(BE$2:BE$174)) / (MAX(BE$2:BE$174) - MIN(BE$2:BE$174)), 1) -> 0.5 | BG20: =IF(AND(K20>=800,V20>=145),3,IF(K20>=400,1,2)) -> 1 | BH20: 7 | BI20: =ROUND((BH20 - MIN(BH$2:BH$174)) / (MAX(BH$2:BH$174) - MIN(BH$2:BH$174)), 1) -> 0.3 | BJ20: 7 | BK20: 0.71 | BL20: 7 | BM20: 0.33 | BN20: 0 | BO20: 0 | BP20: =ROUND((0.35 * L20) + (0.25 * W20) + (0.15 * U20) + (0.15 * BF20) + (0.1 * AJ20), 1) -> 0.5 | BQ20: 0 | BR20: 0 | BS20: =(0.45*L20 + 0.35*M20 + 0.12*AJ20 + 0.08*BF20) * (1 - BR20) -> 0.316 | BT20: 0 | BU20: 0 | BV20: 53.55 | BW20: 0.063 | BX20: =D20 * ( BP20*0.4 + L20*0.25 + W20*0.15 + AX20*0.1 + BF20*0.1 ) * 100 -> 48 | BY20: =E:E*(BQ:BQ*0.35+AT:AT*0.3+AV:AV*0.15+AN:AN*0.1+AO:AO*0.1)*100 -> 0 | BZ20: =ROUND(IF(N(F20)=1, MAX(0, ( (N(BN20)/18)*0.6 + (N(BF20)/10)*0.25 + N(AX20)*0.15 ) * 100 ), 0 ),3) -> 0 | CA20: =ROUND(G:G*(BO:BO*0.45+AZ:AZ*0.3+BB:BB*0.15+BF:BF*0.1)*100,3) -> 0 | CB20: =BX:BX+BY:BY+BZ:BZ + CA:CA -> 48 | CC20: =ROUND(0.7 + (BR:BR* 0.2) + (BS:BS * 0.1),3) -> 0.732 | CD20: =ROUND(CB:CB* CC:CC, 2) -> 35.14 | CE20: =ROUND( 1 - ( (D:D * 0.25) + (E:E* 0.2) + (F:F* 0.15) + (G:G* 0.1) ) * AQ:AQ, 3 ) -> 0.85 | CF20: =ROUND( CD:CD* CE:CE, 2 ) -> 29.87 | CG20: =RANK(CF20,CF:CF) -> 97
A21: 714451 | B21: Shivam Dube | C21: Batsman | D21: 1 | E21: 0 | F21: 0 | G21: 0 | H21: 28 | I21: 27 | J21: =ROUND((K21 - MIN($K$2:$K$98)) / (MAX($K$2:$K$98) - MIN($K$2:$K$98)), 1) -> 0.6 | K21: 814 | L21: 0.1 | M21: 0 | N21: Middle | O21: 3 | P21: India | Q21: 0 | R21: 28 | S21: 66 | T21: 37 | U21: =ROUND((T21 - MIN(T$2:T$98)) / (MAX(T$2:T$98) - MIN(T$2:T$98)), 1) -> 0.7 | V21: 160.24 | W21: =ROUND((V21 - MIN(V$2:V$98)) / (MAX(V$2:V$98) - MIN(V$2:V$98)), 1) -> 0.7 | X21: 40 | Y21: 63 | Z21: 0 | AA21: 6 | AB21: 4 | AC21: =IF(AB21>AD21, 3,IF(AB21<AD21, 1, 2)) -> 3 | AD21: 0.5 | AE21: 0.6 | AF21: 0.015 | AG21: 8 | AH21: 1 | AI21: 55 | AJ21: =ROUND((AI21 - MIN(AI$2:AI$98)) / (MAX(AI$2:AI$98) - MIN(AI$2:AI$98)), 1) -> 0.6 | AK21: 0 | AL21: 0 | AM21: 0 | AN21: 0 | AO21: =ROUND((AP21 - MIN($AP$2:$AP2069)) / (MAX($AP$2:$AP2069) - MIN($AP$2:$AP2069)), 1) -> 0 | AP21: 0 | AQ21: =ROUND((AR21 - MIN($AR$2:$AR2069)) / (MAX($AR$2:$AR2069) - MIN($AR$2:$AR2069)), 1) -> 0.4 | AR21: 4.5 | AS21: 0 | AT21: 0 | AU21: 0 | AV21: 0 | AW21: 40 | AX21: 0.4 | AY21: 0 | AZ21: =(AP21 - MIN($AP$2:$AP$964)) / (MAX($AP$2:$AP$964) - MIN($AP$2:$AP$964)) -> 0 | BA21: 0 | BB21: 0 | BC21: 0 | BD21: 0 | BE21: 8 | BF21: =ROUND((BE21 - MIN(BE$2:BE$174)) / (MAX(BE$2:BE$174) - MIN(BE$2:BE$174)), 1) -> 0.5 | BG21: =IF(AND(K21>=800,V21>=145),3,IF(K21>=400,1,2)) -> 3 | BH21: 6 | BI21: =ROUND((BH21 - MIN(BH$2:BH$174)) / (MAX(BH$2:BH$174) - MIN(BH$2:BH$174)), 1) -> 0 | BJ21: 8 | BK21: 0.86 | BL21: 8 | BM21: 0.67 | BN21: 0 | BO21: 0 | BP21: =ROUND((0.35 * L21) + (0.25 * W21) + (0.15 * U21) + (0.15 * BF21) + (0.1 * AJ21), 1) -> 0.5 | BQ21: 0 | BR21: 0.69 | BS21: =(0.45*L21 + 0.35*M21 + 0.12*AJ21 + 0.08*BF21) * (1 - BR21) -> 0.04867 | BT21: 0 | BU21: 0 | BV21: 51.3 | BW21: 0.061 | BX21: =D21 * ( BP21*0.4 + L21*0.25 + W21*0.15 + AX21*0.1 + BF21*0.1 ) * 100 -> 42 | BY21: =E:E*(BQ:BQ*0.35+AT:AT*0.3+AV:AV*0.15+AN:AN*0.1+AO:AO*0.1)*100 -> 0 | BZ21: =ROUND(IF(N(F21)=1, MAX(0, ( (N(BN21)/18)*0.6 + (N(BF21)/10)*0.25 + N(AX21)*0.15 ) * 100 ), 0 ),3) -> 0 | CA21: =ROUND(G:G*(BO:BO*0.45+AZ:AZ*0.3+BB:BB*0.15+BF:BF*0.1)*100,3) -> 0 | CB21: =BX:BX+BY:BY+BZ:BZ + CA:CA -> 42 | CC21: =ROUND(0.7 + (BR:BR* 0.2) + (BS:BS * 0.1),3) -> 0.843 | CD21: =ROUND(CB:CB* CC:CC, 2) -> 35.41 | CE21: =ROUND( 1 - ( (D:D * 0.25) + (E:E* 0.2) + (F:F* 0.15) + (G:G* 0.1) ) * AQ:AQ, 3 ) -> 0.9 | CF21: =ROUND( CD:CD* CE:CE, 2 ) -> 31.87 | CG21: =RANK(CF21,CF:CF) -> 80
A22: 308967 | B22: Jos Buttler | C22: Batsman | D22: 1 | E22: 0 | F22: 0 | G22: 0 | H22: 27 | I22: 28 | J22: =ROUND((K22 - MIN($K$2:$K$98)) / (MAX($K$2:$K$98) - MIN($K$2:$K$98)), 1) -> 0.6 | K22: 896 | L22: 0.4 | M22: 0 | N22: Finisher | O22: 1 | P22: England | Q22: 1 | R22: 33 | S22: 107 | T22: 37.33 | U22: =ROUND((T22 - MIN(T$2:T$98)) / (MAX(T$2:T$98) - MIN(T$2:T$98)), 1) -> 0.7 | V22: 141.77 | W22: =ROUND((V22 - MIN(V$2:V$98)) / (MAX(V$2:V$98) - MIN(V$2:V$98)), 1) -> 0.6 | X22: 93 | Y22: 32 | Z22: 3 | AA22: 4 | AB22: 15.75 | AC22: =IF(AB22>AD22, 3,IF(AB22<AD22, 1, 2)) -> 3 | AD22: 2 | AE22: 0.7 | AF22: 0.0175 | AG22: 7.5 | AH22: 0.013 | AI22: 80 | AJ22: =ROUND((AI22 - MIN(AI$2:AI$98)) / (MAX(AI$2:AI$98) - MIN(AI$2:AI$98)), 1) -> 0.9 | AK22: 0 | AL22: 0 | AM22: 0 | AN22: 0 | AO22: =ROUND((AP22 - MIN($AP$2:$AP2070)) / (MAX($AP$2:$AP2070) - MIN($AP$2:$AP2070)), 1) -> 0 | AP22: 0 | AQ22: =ROUND((AR22 - MIN($AR$2:$AR2070)) / (MAX($AR$2:$AR2070) - MIN($AR$2:$AR2070)), 1) -> 0.5 | AR22: 5 | AS22: 0 | AT22: 0 | AU22: 0 | AV22: 0 | AW22: 59 | AX22: 0.6 | AY22: 0 | AZ22: =(AP22 - MIN($AP$2:$AP$964)) / (MAX($AP$2:$AP$964) - MIN($AP$2:$AP$964)) -> 0 | BA22: 0 | BB22: 0 | BC22: 0 | BD22: 0 | BE22: 7 | BF22: =ROUND((BE22 - MIN(BE$2:BE$174)) / (MAX(BE$2:BE$174) - MIN(BE$2:BE$174)), 1) -> 0.3 | BG22: =IF(AND(K22>=800,V22>=145),3,IF(K22>=400,1,2)) -> 1 | BH22: 7 | BI22: =ROUND((BH22 - MIN(BH$2:BH$174)) / (MAX(BH$2:BH$174) - MIN(BH$2:BH$174)), 1) -> 0.3 | BJ22: 8 | BK22: 0.86 | BL22: 8 | BM22: 0.67 | BN22: 0 | BO22: 0 | BP22: =ROUND((0.35 * L22) + (0.25 * W22) + (0.15 * U22) + (0.15 * BF22) + (0.1 * AJ22), 1) -> 0.5 | BQ22: 0 | BR22: 0.81 | BS22: =(0.45*L22 + 0.35*M22 + 0.12*AJ22 + 0.08*BF22) * (1 - BR22) -> 0.05928 | BT22: 0 | BU22: 0 | BV22: 56.7 | BW22: 0.067 | BX22: =D22 * ( BP22*0.4 + L22*0.25 + W22*0.15 + AX22*0.1 + BF22*0.1 ) * 100 -> 48 | BY22: =E:E*(BQ:BQ*0.35+AT:AT*0.3+AV:AV*0.15+AN:AN*0.1+AO:AO*0.1)*100 -> 0 | BZ22: =ROUND(IF(N(F22)=1, MAX(0, ( (N(BN22)/18)*0.6 + (N(BF22)/10)*0.25 + N(AX22)*0.15 ) * 100 ), 0 ),3) -> 0 | CA22: =ROUND(G:G*(BO:BO*0.45+AZ:AZ*0.3+BB:BB*0.15+BF:BF*0.1)*100,3) -> 0 | CB22: =BX:BX+BY:BY+BZ:BZ + CA:CA -> 48 | CC22: =ROUND(0.7 + (BR:BR* 0.2) + (BS:BS * 0.1),3) -> 0.868 | CD22: =ROUND(CB:CB* CC:CC, 2) -> 41.66 | CE22: =ROUND( 1 - ( (D:D * 0.25) + (E:E* 0.2) + (F:F* 0.15) + (G:G* 0.1) ) * AQ:AQ, 3 ) -> 0.875 | CF22: =ROUND( CD:CD* CE:CE, 2 ) -> 36.45 | CG22: =RANK(CF22,CF:CF) -> 54
A23: 1119166 | B23: Venkatesh Iyer | C23: Batsman | D23: 1 | E23: 0 | F23: 0 | G23: 0 | H23: 27 | I23: 27 | J23: =ROUND((K23 - MIN($K$2:$K$98)) / (MAX($K$2:$K$98) - MIN($K$2:$K$98)), 1) -> 0.6 | K23: 774 | L23: 0.3 | M23: 0 | N23: Finisher | O23: 2 | P23: India | Q23: 0 | R23: 29 | S23: 104 | T23: 35.18 | U23: =ROUND((T23 - MIN(T$2:T$98)) / (MAX(T$2:T$98) - MIN(T$2:T$98)), 1) -> 0.6 | V23: 151.76 | W23: =ROUND((V23 - MIN(V$2:V$98)) / (MAX(V$2:V$98) - MIN(V$2:V$98)), 1) -> 0.6 | X23: 67 | Y23: 40 | Z23: 1 | AA23: 6 | AB23: 23.75 | AC23: =IF(AB23>AD23, 3,IF(AB23<AD23, 1, 2)) -> 3 | AD23: 2 | AE23: 0.6 | AF23: 0.015 | AG23: 6.5 | AH23: 0.137 | AI23: 65 | AJ23: =ROUND((AI23 - MIN(AI$2:AI$98)) / (MAX(AI$2:AI$98) - MIN(AI$2:AI$98)), 1) -> 0.8 | AK23: 0 | AL23: 0 | AM23: 0 | AN23: 0 | AO23: =ROUND((AP23 - MIN($AP$2:$AP2071)) / (MAX($AP$2:$AP2071) - MIN($AP$2:$AP2071)), 1) -> 0 | AP23: 0 | AQ23: =ROUND((AR23 - MIN($AR$2:$AR2071)) / (MAX($AR$2:$AR2071) - MIN($AR$2:$AR2071)), 1) -> 0.3 | AR23: 3.5 | AS23: 0 | AT23: 0 | AU23: 0 | AV23: 0 | AW23: 28 | AX23: 0.3 | AY23: 0 | AZ23: =(AP23 - MIN($AP$2:$AP$964)) / (MAX($AP$2:$AP$964) - MIN($AP$2:$AP$964)) -> 0 | BA23: 0 | BB23: 0 | BC23: 0 | BD23: 0 | BE23: 6.5 | BF23: =ROUND((BE23 - MIN(BE$2:BE$174)) / (MAX(BE$2:BE$174) - MIN(BE$2:BE$174)), 1) -> 0.1 | BG23: =IF(AND(K23>=800,V23>=145),3,IF(K23>=400,1,2)) -> 1 | BH23: 7 | BI23: =ROUND((BH23 - MIN(BH$2:BH$174)) / (MAX(BH$2:BH$174) - MIN(BH$2:BH$174)), 1) -> 0.3 | BJ23: 7 | BK23: 0.71 | BL23: 7 | BM23: 0.33 | BN23: 0 | BO23: 0 | BP23: =ROUND((0.35 * L23) + (0.25 * W23) + (0.15 * U23) + (0.15 * BF23) + (0.1 * AJ23), 1) -> 0.4 | BQ23: 0 | BR23: 0 | BS23: =(0.45*L23 + 0.35*M23 + 0.12*AJ23 + 0.08*BF23) * (1 - BR23) -> 0.239 | BT23: 0 | BU23: 0 | BV23: 48.85 | BW23: 0.058 | BX23: =D23 * ( BP23*0.4 + L23*0.25 + W23*0.15 + AX23*0.1 + BF23*0.1 ) * 100 -> 36.5 | BY23: =E:E*(BQ:BQ*0.35+AT:AT*0.3+AV:AV*0.15+AN:AN*0.1+AO:AO*0.1)*100 -> 0 | BZ23: =ROUND(IF(N(F23)=1, MAX(0, ( (N(BN23)/18)*0.6 + (N(BF23)/10)*0.25 + N(AX23)*0.15 ) * 100 ), 0 ),3) -> 0 | CA23: =ROUND(G:G*(BO:BO*0.45+AZ:AZ*0.3+BB:BB*0.15+BF:BF*0.1)*100,3) -> 0 | CB23: =BX:BX+BY:BY+BZ:BZ + CA:CA -> 36.5 | CC23: =ROUND(0.7 + (BR:BR* 0.2) + (BS:BS * 0.1),3) -> 0.724 | CD23: =ROUND(CB:CB* CC:CC, 2) -> 26.43 | CE23: =ROUND( 1 - ( (D:D * 0.25) + (E:E* 0.2) + (F:F* 0.15) + (G:G* 0.1) ) * AQ:AQ, 3 ) -> 0.925 | CF23: =ROUND( CD:CD* CE:CE, 2 ) -> 24.45 | CG23: =RANK(CF23,CF:CF) -> 130
A24: 219889 | B24: David Warner | C24: Batsman | D24: 1 | E24: 0 | F24: 0 | G24: 0 | H24: 22 | I24: 27 | J24: =ROUND((K24 - MIN($K$2:$K$98)) / (MAX($K$2:$K$98) - MIN($K$2:$K$98)), 1) -> 0.5 | K24: 684 | L24: 0.3 | M24: 0 | N24: Opener | O24: 1 | P24: Australia | Q24: 1 | R24: 37 | S24: 86 | T24: 31.09 | U24: =ROUND((T24 - MIN(T$2:T$98)) / (MAX(T$2:T$98) - MIN(T$2:T$98)), 1) -> 0.6 | V24: 132.3 | W24: =ROUND((V24 - MIN(V$2:V$98)) / (MAX(V$2:V$98) - MIN(V$2:V$98)), 1) -> 0.5 | X24: 86 | Y24: 20 | Z24: 0 | AA24: 7 | AB24: 6.25 | AC24: =IF(AB24>AD24, 3,IF(AB24<AD24, 1, 2)) -> 3 | AD24: 2 | AE24: 0.7 | AF24: 0.0175 | AG24: 7.5 | AH24: 0.014 | AI24: 75 | AJ24: =ROUND((AI24 - MIN(AI$2:AI$98)) / (MAX(AI$2:AI$98) - MIN(AI$2:AI$98)), 1) -> 0.9 | AK24: 0 | AL24: 0 | AM24: 0 | AN24: 0 | AO24: =ROUND((AP24 - MIN($AP$2:$AP2072)) / (MAX($AP$2:$AP2072) - MIN($AP$2:$AP2072)), 1) -> 0 | AP24: 0 | AQ24: =ROUND((AR24 - MIN($AR$2:$AR2072)) / (MAX($AR$2:$AR2072) - MIN($AR$2:$AR2072)), 1) -> 0.8 | AR24: 6.5 | AS24: 0 | AT24: 0 | AU24: 0 | AV24: 0 | AW24: 24 | AX24: 0.2 | AY24: 0 | AZ24: =(AP24 - MIN($AP$2:$AP$964)) / (MAX($AP$2:$AP$964) - MIN($AP$2:$AP$964)) -> 0 | BA24: 0 | BB24: 0 | BC24: 0 | BD24: 0 | BE24: 7 | BF24: =ROUND((BE24 - MIN(BE$2:BE$174)) / (MAX(BE$2:BE$174) - MIN(BE$2:BE$174)), 1) -> 0.3 | BG24: =IF(AND(K24>=800,V24>=145),3,IF(K24>=400,1,2)) -> 1 | BH24: 8 | BI24: =ROUND((BH24 - MIN(BH$2:BH$174)) / (MAX(BH$2:BH$174) - MIN(BH$2:BH$174)), 1) -> 0.7 | BJ24: 8 | BK24: 0.86 | BL24: 6 | BM24: 0 | BN24: 0 | BO24: 0 | BP24: =ROUND((0.35 * L24) + (0.25 * W24) + (0.15 * U24) + (0.15 * BF24) + (0.1 * AJ24), 1) -> 0.5 | BQ24: 0 | BR24: 0 | BS24: =(0.45*L24 + 0.35*M24 + 0.12*AJ24 + 0.08*BF24) * (1 - BR24) -> 0.267 | BT24: 0 | BU24: 0 | BV24: 64.7 | BW24: 0.075 | BX24: =D24 * ( BP24*0.4 + L24*0.25 + W24*0.15 + AX24*0.1 + BF24*0.1 ) * 100 -> 40 | BY24: =E:E*(BQ:BQ*0.35+AT:AT*0.3+AV:AV*0.15+AN:AN*0.1+AO:AO*0.1)*100 -> 0 | BZ24: =ROUND(IF(N(F24)=1, MAX(0, ( (N(BN24)/18)*0.6 + (N(BF24)/10)*0.25 + N(AX24)*0.15 ) * 100 ), 0 ),3) -> 0 | CA24: =ROUND(G:G*(BO:BO*0.45+AZ:AZ*0.3+BB:BB*0.15+BF:BF*0.1)*100,3) -> 0 | CB24: =BX:BX+BY:BY+BZ:BZ + CA:CA -> 40 | CC24: =ROUND(0.7 + (BR:BR* 0.2) + (BS:BS * 0.1),3) -> 0.727 | CD24: =ROUND(CB:CB* CC:CC, 2) -> 29.08 | CE24: =ROUND( 1 - ( (D:D * 0.25) + (E:E* 0.2) + (F:F* 0.15) + (G:G* 0.1) ) * AQ:AQ, 3 ) -> 0.8 | CF24: =ROUND( CD:CD* CE:CE, 2 ) -> 23.26 | CG24: =RANK(CF24,CF:CF) -> 137
A25: 604535 | B25: Nitish Rana | C25: Batsman | D25: 1 | E25: 0 | F25: 0 | G25: 0 | H25: 16 | I25: 22 | J25: =ROUND((K25 - MIN($K$2:$K$98)) / (MAX($K$2:$K$98) - MIN($K$2:$K$98)), 1) -> 0.3 | K25: 455 | L25: 0.2 | M25: 0 | N25: Middle | O25: 2 | P25: India | Q25: 0 | R25: 29 | S25: 75 | T25: 30.33 | U25: =ROUND((T25 - MIN(T$2:T$98)) / (MAX(T$2:T$98) - MIN(T$2:T$98)), 1) -> 0.5 | V25: 139.14 | W25: =ROUND((V25 - MIN(V$2:V$98)) / (MAX(V$2:V$98) - MIN(V$2:V$98)), 1) -> 0.6 | X25: 44 | Y25: 21 | Z25: 0 | AA25: 3 | AB25: 8 | AC25: =IF(AB25>AD25, 3,IF(AB25<AD25, 1, 2)) -> 3 | AD25: 1 | AE25: 0.6 | AF25: 0.015 | AG25: 6.5 | AH25: 0.209 | AI25: 65 | AJ25: =ROUND((AI25 - MIN(AI$2:AI$98)) / (MAX(AI$2:AI$98) - MIN(AI$2:AI$98)), 1) -> 0.8 | AK25: 0 | AL25: 0 | AM25: 0 | AN25: 0 | AO25: =ROUND((AP25 - MIN($AP$2:$AP2073)) / (MAX($AP$2:$AP2073) - MIN($AP$2:$AP2073)), 1) -> 0 | AP25: 0 | AQ25: =ROUND((AR25 - MIN($AR$2:$AR2073)) / (MAX($AR$2:$AR2073) - MIN($AR$2:$AR2073)), 1) -> 0.3 | AR25: 3.5 | AS25: 0 | AT25: 0 | AU25: 0 | AV25: 0 | AW25: 35 | AX25: 0.4 | AY25: 0 | AZ25: =(AP25 - MIN($AP$2:$AP$964)) / (MAX($AP$2:$AP$964) - MIN($AP$2:$AP$964)) -> 0 | BA25: 0 | BB25: 0 | BC25: 0 | BD25: 0 | BE25: 6.5 | BF25: =ROUND((BE25 - MIN(BE$2:BE$174)) / (MAX(BE$2:BE$174) - MIN(BE$2:BE$174)), 1) -> 0.1 | BG25: =IF(AND(K25>=800,V25>=145),3,IF(K25>=400,1,2)) -> 1 | BH25: 7 | BI25: =ROUND((BH25 - MIN(BH$2:BH$174)) / (MAX(BH$2:BH$174) - MIN(BH$2:BH$174)), 1) -> 0.3 | BJ25: 7 | BK25: 0.71 | BL25: 7 | BM25: 0.33 | BN25: 0 | BO25: 0 | BP25: =ROUND((0.35 * L25) + (0.25 * W25) + (0.15 * U25) + (0.15 * BF25) + (0.1 * AJ25), 1) -> 0.4 | BQ25: 0 | BR25: 0 | BS25: =(0.45*L25 + 0.35*M25 + 0.12*AJ25 + 0.08*BF25) * (1 - BR25) -> 0.194 | BT25: 0 | BU25: 0 | BV25: 50.35 | BW25: 0.06 | BX25: =D25 * ( BP25*0.4 + L25*0.25 + W25*0.15 + AX25*0.1 + BF25*0.1 ) * 100 -> 35 | BY25: =E:E*(BQ:BQ*0.35+AT:AT*0.3+AV:AV*0.15+AN:AN*0.1+AO:AO*0.1)*100 -> 0 | BZ25: =ROUND(IF(N(F25)=1, MAX(0, ( (N(BN25)/18)*0.6 + (N(BF25)/10)*0.25 + N(AX25)*0.15 ) * 100 ), 0 ),3) -> 0 | CA25: =ROUND(G:G*(BO:BO*0.45+AZ:AZ*0.3+BB:BB*0.15+BF:BF*0.1)*100,3) -> 0 | CB25: =BX:BX+BY:BY+BZ:BZ + CA:CA -> 35 | CC25: =ROUND(0.7 + (BR:BR* 0.2) + (BS:BS * 0.1),3) -> 0.719 | CD25: =ROUND(CB:CB* CC:CC, 2) -> 25.17 | CE25: =ROUND( 1 - ( (D:D * 0.25) + (E:E* 0.2) + (F:F* 0.15) + (G:G* 0.1) ) * AQ:AQ, 3 ) -> 0.925 | CF25: =ROUND( CD:CD* CE:CE, 2 ) -> 23.28 | CG25: =RANK(CF25,CF:CF) -> 136
A26: 1202551 | B26: Simran Singh | C26: Batsman | D26: 1 | E26: 0 | F26: 0 | G26: 0 | H26: 28 | I26: 16 | J26: =ROUND((K26 - MIN($K$2:$K$98)) / (MAX($K$2:$K$98) - MIN($K$2:$K$98)), 1) -> 0.5 | K26: 692 | L26: 0.3 | M26: 0 | N26: Middle | O26: 2 | P26: India | Q26: 0 | R26: 27 | S26: 103 | T26: 24.71 | U26: =ROUND((T26 - MIN(T$2:T$98)) / (MAX(T$2:T$98) - MIN(T$2:T$98)), 1) -> 0.4 | V26: 153.44 | W26: =ROUND((V26 - MIN(V$2:V$98)) / (MAX(V$2:V$98) - MIN(V$2:V$98)), 1) -> 0.6 | X26: 72 | Y26: 39 | Z26: 1 | AA26: 3 | AB26: 8.8 | AC26: =IF(AB26>AD26, 3,IF(AB26<AD26, 1, 2)) -> 3 | AD26: 1.5 | AE26: 0.5 | AF26: 0.0125 | AG26: 6 | AH26: 0.556 | AI26: 40 | AJ26: =ROUND((AI26 - MIN(AI$2:AI$98)) / (MAX(AI$2:AI$98) - MIN(AI$2:AI$98)), 1) -> 0.4 | AK26: 0 | AL26: 0 | AM26: 0 | AN26: 0 | AO26: =ROUND((AP26 - MIN($AP$2:$AP2074)) / (MAX($AP$2:$AP2074) - MIN($AP$2:$AP2074)), 1) -> 0 | AP26: 0 | AQ26: =ROUND((AR26 - MIN($AR$2:$AR2074)) / (MAX($AR$2:$AR2074) - MIN($AR$2:$AR2074)), 1) -> 0.1 | AR26: 2.5 | AS26: 0 | AT26: 0 | AU26: 0 | AV26: 0 | AW26: 38 | AX26: 0.4 | AY26: 0 | AZ26: =(AP26 - MIN($AP$2:$AP$964)) / (MAX($AP$2:$AP$964) - MIN($AP$2:$AP$964)) -> 0 | BA26: 0 | BB26: 0 | BC26: 0 | BD26: 0 | BE26: 6 | BF26: =ROUND((BE26 - MIN(BE$2:BE$174)) / (MAX(BE$2:BE$174) - MIN(BE$2:BE$174)), 1) -> 0 | BG26: =IF(AND(K26>=800,V26>=145),3,IF(K26>=400,1,2)) -> 1 | BH26: 6 | BI26: =ROUND((BH26 - MIN(BH$2:BH$174)) / (MAX(BH$2:BH$174) - MIN(BH$2:BH$174)), 1) -> 0 | BJ26: 7 | BK26: 0.71 | BL26: 6 | BM26: 0 | BN26: 0 | BO26: 0 | BP26: =ROUND((0.35 * L26) + (0.25 * W26) + (0.15 * U26) + (0.15 * BF26) + (0.1 * AJ26), 1) -> 0.4 | BQ26: 0 | BR26: 0 | BS26: =(0.45*L26 + 0.35*M26 + 0.12*AJ26 + 0.08*BF26) * (1 - BR26) -> 0.183 | BT26: 0 | BU26: 0 | BV26: 50.55 | BW26: 0.06 | BX26: =D26 * ( BP26*0.4 + L26*0.25 + W26*0.15 + AX26*0.1 + BF26*0.1 ) * 100 -> 36.5 | BY26: =E:E*(BQ:BQ*0.35+AT:AT*0.3+AV:AV*0.15+AN:AN*0.1+AO:AO*0.1)*100 -> 0 | BZ26: =ROUND(IF(N(F26)=1, MAX(0, ( (N(BN26)/18)*0.6 + (N(BF26)/10)*0.25 + N(AX26)*0.15 ) * 100 ), 0 ),3) -> 0 | CA26: =ROUND(G:G*(BO:BO*0.45+AZ:AZ*0.3+BB:BB*0.15+BF:BF*0.1)*100,3) -> 0 | CB26: =BX:BX+BY:BY+BZ:BZ + CA:CA -> 36.5 | CC26: =ROUND(0.7 + (BR:BR* 0.2) + (BS:BS * 0.1),3) -> 0.718 | CD26: =ROUND(CB:CB* CC:CC, 2) -> 26.21 | CE26: =ROUND( 1 - ( (D:D * 0.25) + (E:E* 0.2) + (F:F* 0.15) + (G:G* 0.1) ) * AQ:AQ, 3 ) -> 0.975 | CF26: =ROUND( CD:CD* CE:CE, 2 ) -> 25.55 | CG26: =RANK(CF26,CF:CF) -> 125
A27: 297433 | B27: Jonny Bairstow | C27: Batsman | D27: 1 | E27: 0 | F27: 0 | G27: 0 | H27: 11 | I27: 28 | J27: =ROUND((K27 - MIN($K$2:$K$98)) / (MAX($K$2:$K$98) - MIN($K$2:$K$98)), 1) -> 0.2 | K27: 298 | L27: 0.2 | M27: 0 | N27: Opener | O27: 1 | P27: England | Q27: 1 | R27: 34 | S27: 108 | T27: 29.8 | U27: =ROUND((T27 - MIN(T$2:T$98)) / (MAX(T$2:T$98) - MIN(T$2:T$98)), 1) -> 0.5 | V27: 152.82 | W27: =ROUND((V27 - MIN(V$2:V$98)) / (MAX(V$2:V$98) - MIN(V$2:V$98)), 1) -> 0.6 | X27: 33 | Y27: 14 | Z27: 1 | AA27: 0 | AB27: 6.75 | AC27: =IF(AB27>AD27, 3,IF(AB27<AD27, 1, 2)) -> 3 | AD27: 1.5 | AE27: 0.6 | AF27: 0.015 | AG27: 7 | AH27: 0.313 | AI27: 75 | AJ27: =ROUND((AI27 - MIN(AI$2:AI$98)) / (MAX(AI$2:AI$98) - MIN(AI$2:AI$98)), 1) -> 0.9 | AK27: 0 | AL27: 0 | AM27: 0 | AN27: 0 | AO27: =ROUND((AP27 - MIN($AP$2:$AP2075)) / (MAX($AP$2:$AP2075) - MIN($AP$2:$AP2075)), 1) -> 0 | AP27: 0 | AQ27: =ROUND((AR27 - MIN($AR$2:$AR2075)) / (MAX($AR$2:$AR2075) - MIN($AR$2:$AR2075)), 1) -> 0.6 | AR27: 5.5 | AS27: 0 | AT27: 0 | AU27: 0 | AV27: 0 | AW27: 29 | AX27: 0.3 | AY27: 0 | AZ27: =(AP27 - MIN($AP$2:$AP$964)) / (MAX($AP$2:$AP$964) - MIN($AP$2:$AP$964)) -> 0 | BA27: 0 | BB27: 0 | BC27: 0 | BD27: 0 | BE27: 7 | BF27: =ROUND((BE27 - MIN(BE$2:BE$174)) / (MAX(BE$2:BE$174) - MIN(BE$2:BE$174)), 1) -> 0.3 | BG27: =IF(AND(K27>=800,V27>=145),3,IF(K27>=400,1,2)) -> 2 | BH27: 6 | BI27: =ROUND((BH27 - MIN(BH$2:BH$174)) / (MAX(BH$2:BH$174) - MIN(BH$2:BH$174)), 1) -> 0 | BJ27: 5 | BK27: 0.43 | BL27: 6 | BM27: 0 | BN27: 0 | BO27: 0 | BP27: =ROUND((0.35 * L27) + (0.25 * W27) + (0.15 * U27) + (0.15 * BF27) + (0.1 * AJ27), 1) -> 0.4 | BQ27: 0 | BR27: 0 | BS27: =(0.45*L27 + 0.35*M27 + 0.12*AJ27 + 0.08*BF27) * (1 - BR27) -> 0.222 | BT27: 0 | BU27: 0 | BV27: 38.05 | BW27: 0.047 | BX27: =D27 * ( BP27*0.4 + L27*0.25 + W27*0.15 + AX27*0.1 + BF27*0.1 ) * 100 -> 36 | BY27: =E:E*(BQ:BQ*0.35+AT:AT*0.3+AV:AV*0.15+AN:AN*0.1+AO:AO*0.1)*100 -> 0 | BZ27: =ROUND(IF(N(F27)=1, MAX(0, ( (N(BN27)/18)*0.6 + (N(BF27)/10)*0.25 + N(AX27)*0.15 ) * 100 ), 0 ),3) -> 0 | CA27: =ROUND(G:G*(BO:BO*0.45+AZ:AZ*0.3+BB:BB*0.15+BF:BF*0.1)*100,3) -> 0 | CB27: =BX:BX+BY:BY+BZ:BZ + CA:CA -> 36 | CC27: =ROUND(0.7 + (BR:BR* 0.2) + (BS:BS * 0.1),3) -> 0.722 | CD27: =ROUND(CB:CB* CC:CC, 2) -> 25.99 | CE27: =ROUND( 1 - ( (D:D * 0.25) + (E:E* 0.2) + (F:F* 0.15) + (G:G* 0.1) ) * AQ:AQ, 3 ) -> 0.85 | CF27: =ROUND( CD:CD* CE:CE, 2 ) -> 22.09 | CG27: =RANK(CF27,CF:CF) -> 145
A28: 1111280 | B28: Tristan Stubbs | C28: Batsman | D28: 1 | E28: 0 | F28: 0 | G28: 0 | H28: 15 | I28: 11 | J28: =ROUND((K28 - MIN($K$2:$K$98)) / (MAX($K$2:$K$98) - MIN($K$2:$K$98)), 1) -> 0.3 | K28: 403 | L28: 0.2 | M28: 0 | N28: Finisher | O28: 3 | P28: South Africa | Q28: 1 | R28: 23 | S28: 71 | T28: 44.78 | U28: =ROUND((T28 - MIN(T$2:T$98)) / (MAX(T$2:T$98) - MIN(T$2:T$98)), 1) -> 0.8 | V28: 175.98 | W28: =ROUND((V28 - MIN(V$2:V$98)) / (MAX(V$2:V$98) - MIN(V$2:V$98)), 1) -> 0.7 | X28: 26 | Y28: 26 | Z28: 0 | AA28: 3 | AB28: 0.5 | AC28: =IF(AB28>AD28, 3,IF(AB28<AD28, 1, 2)) -> 2 | AD28: 0.5 | AE28: 0.5 | AF28: 0.0125 | AG28: 7.5 | AH28: 0.24 | AI28: 45 | AJ28: =ROUND((AI28 - MIN(AI$2:AI$98)) / (MAX(AI$2:AI$98) - MIN(AI$2:AI$98)), 1) -> 0.5 | AK28: 0 | AL28: 0 | AM28: 0 | AN28: 0 | AO28: =ROUND((AP28 - MIN($AP$2:$AP2076)) / (MAX($AP$2:$AP2076) - MIN($AP$2:$AP2076)), 1) -> 0 | AP28: 0 | AQ28: =ROUND((AR28 - MIN($AR$2:$AR2076)) / (MAX($AR$2:$AR2076) - MIN($AR$2:$AR2076)), 1) -> 0.1 | AR28: 2.5 | AS28: 0 | AT28: 0 | AU28: 0 | AV28: 0 | AW28: 40 | AX28: 0.4 | AY28: 0 | AZ28: =(AP28 - MIN($AP$2:$AP$964)) / (MAX($AP$2:$AP$964) - MIN($AP$2:$AP$964)) -> 0 | BA28: 0 | BB28: 0 | BC28: 0 | BD28: 0 | BE28: 7.5 | BF28: =ROUND((BE28 - MIN(BE$2:BE$174)) / (MAX(BE$2:BE$174) - MIN(BE$2:BE$174)), 1) -> 0.4 | BG28: =IF(AND(K28>=800,V28>=145),3,IF(K28>=400,1,2)) -> 1 | BH28: 7 | BI28: =ROUND((BH28 - MIN(BH$2:BH$174)) / (MAX(BH$2:BH$174) - MIN(BH$2:BH$174)), 1) -> 0.3 | BJ28: 7 | BK28: 0.71 | BL28: 7 | BM28: 0.33 | BN28: 0 | BO28: 0 | BP28: =ROUND((0.35 * L28) + (0.25 * W28) + (0.15 * U28) + (0.15 * BF28) + (0.1 * AJ28), 1) -> 0.5 | BQ28: 0 | BR28: 0 | BS28: =(0.45*L28 + 0.35*M28 + 0.12*AJ28 + 0.08*BF28) * (1 - BR28) -> 0.182 | BT28: 0 | BU28: 0 | BV28: 52.75 | BW28: 0.062 | BX28: =D28 * ( BP28*0.4 + L28*0.25 + W28*0.15 + AX28*0.1 + BF28*0.1 ) * 100 -> 43.5 | BY28: =E:E*(BQ:BQ*0.35+AT:AT*0.3+AV:AV*0.15+AN:AN*0.1+AO:AO*0.1)*100 -> 0 | BZ28: =ROUND(IF(N(F28)=1, MAX(0, ( (N(BN28)/18)*0.6 + (N(BF28)/10)*0.25 + N(AX28)*0.15 ) * 100 ), 0 ),3) -> 0 | CA28: =ROUND(G:G*(BO:BO*0.45+AZ:AZ*0.3+BB:BB*0.15+BF:BF*0.1)*100,3) -> 0 | CB28: =BX:BX+BY:BY+BZ:BZ + CA:CA -> 43.5 | CC28: =ROUND(0.7 + (BR:BR* 0.2) + (BS:BS * 0.1),3) -> 0.718 | CD28: =ROUND(CB:CB* CC:CC, 2) -> 31.23 | CE28: =ROUND( 1 - ( (D:D * 0.25) + (E:E* 0.2) + (F:F* 0.15) + (G:G* 0.1) ) * AQ:AQ, 3 ) -> 0.975 | CF28: =ROUND( CD:CD* CE:CE, 2 ) -> 30.45 | CG28: =RANK(CF28,CF:CF) -> 93
A29: 379143 | B29: Quinton de Kock | C29: Batsman | D29: 1 | E29: 0 | F29: 0 | G29: 0 | H29: 15 | I29: 15 | J29: =ROUND((K29 - MIN($K$2:$K$98)) / (MAX($K$2:$K$98) - MIN($K$2:$K$98)), 1) -> 0.3 | K29: 393 | L29: 0.2 | M29: 0 | N29: Opener | O29: 1 | P29: South Africa | Q29: 1 | R29: 31 | S29: 81 | T29: 26.2 | U29: =ROUND((T29 - MIN(T$2:T$98)) / (MAX(T$2:T$98) - MIN(T$2:T$98)), 1) -> 0.5 | V29: 136.46 | W29: =ROUND((V29 - MIN(V$2:V$98)) / (MAX(V$2:V$98) - MIN(V$2:V$98)), 1) -> 0.6 | X29: 39 | Y29: 17 | Z29: 0 | AA29: 4 | AB29: 6.75 | AC29: =IF(AB29>AD29, 3,IF(AB29<AD29, 1, 2)) -> 3 | AD29: 2 | AE29: 0.7 | AF29: 0.0175 | AG29: 7.5 | AH29: 0.134 | AI29: 80 | AJ29: =ROUND((AI29 - MIN(AI$2:AI$98)) / (MAX(AI$2:AI$98) - MIN(AI$2:AI$98)), 1) -> 0.9 | AK29: 0 | AL29: 0 | AM29: 0 | AN29: 0 | AO29: =ROUND((AP29 - MIN($AP$2:$AP2077)) / (MAX($AP$2:$AP2077) - MIN($AP$2:$AP2077)), 1) -> 0 | AP29: 0 | AQ29: =ROUND((AR29 - MIN($AR$2:$AR2077)) / (MAX($AR$2:$AR2077) - MIN($AR$2:$AR2077)), 1) -> 0.5 | AR29: 5 | AS29: 0 | AT29: 0 | AU29: 0 | AV29: 0 | AW29: 22 | AX29: 0.2 | AY29: 0 | AZ29: =(AP29 - MIN($AP$2:$AP$964)) / (MAX($AP$2:$AP$964) - MIN($AP$2:$AP$964)) -> 0 | BA29: 0 | BB29: 0 | BC29: 0 | BD29: 0 | BE29: 7.5 | BF29: =ROUND((BE29 - MIN(BE$2:BE$174)) / (MAX(BE$2:BE$174) - MIN(BE$2:BE$174)), 1) -> 0.4 | BG29: =IF(AND(K29>=800,V29>=145),3,IF(K29>=400,1,2)) -> 2 | BH29: 7 | BI29: =ROUND((BH29 - MIN(BH$2:BH$174)) / (MAX(BH$2:BH$174) - MIN(BH$2:BH$174)), 1) -> 0.3 | BJ29: 7 | BK29: 0.71 | BL29: 7 | BM29: 0.33 | BN29: 0 | BO29: 0 | BP29: =ROUND((0.35 * L29) + (0.25 * W29) + (0.15 * U29) + (0.15 * BF29) + (0.1 * AJ29), 1) -> 0.4 | BQ29: 0 | BR29: 0 | BS29: =(0.45*L29 + 0.35*M29 + 0.12*AJ29 + 0.08*BF29) * (1 - BR29) -> 0.23 | BT29: 0 | BU29: 0 | BV29: 49.75 | BW29: 0.059 | BX29: =D29 * ( BP29*0.4 + L29*0.25 + W29*0.15 + AX29*0.1 + BF29*0.1 ) * 100 -> 36 | BY29: =E:E*(BQ:BQ*0.35+AT:AT*0.3+AV:AV*0.15+AN:AN*0.1+AO:AO*0.1)*100 -> 0 | BZ29: =ROUND(IF(N(F29)=1, MAX(0, ( (N(BN29)/18)*0.6 + (N(BF29)/10)*0.25 + N(AX29)*0.15 ) * 100 ), 0 ),3) -> 0 | CA29: =ROUND(G:G*(BO:BO*0.45+AZ:AZ*0.3+BB:BB*0.15+BF:BF*0.1)*100,3) -> 0 | CB29: =BX:BX+BY:BY+BZ:BZ + CA:CA -> 36 | CC29: =ROUND(0.7 + (BR:BR* 0.2) + (BS:BS * 0.1),3) -> 0.723 | CD29: =ROUND(CB:CB* CC:CC, 2) -> 26.03 | CE29: =ROUND( 1 - ( (D:D * 0.25) + (E:E* 0.2) + (F:F* 0.15) + (G:G* 0.1) ) * AQ:AQ, 3 ) -> 0.875 | CF29: =ROUND( CD:CD* CE:CE, 2 ) -> 22.78 | CG29: =RANK(CF29,CF:CF) -> 141
A30: 28235 | B30: Shikhar Dhawan | C30: Batsman | D30: 1 | E30: 0 | F30: 0 | G30: 0 | H30: 16 | I30: 15 | J30: =ROUND((K30 - MIN($K$2:$K$98)) / (MAX($K$2:$K$98) - MIN($K$2:$K$98)), 1) -> 0.4 | K30: 525 | L30: 0.2 | M30: 0 | N30: Opener | O30: 1 | P30: India | Q30: 0 | R30: 37 | S30: 99 | T30: 37.5 | U30: =ROUND((T30 - MIN(T$2:T$98)) / (MAX(T$2:T$98) - MIN(T$2:T$98)), 1) -> 0.7 | V30: 137.43 | W30: =ROUND((V30 - MIN(V$2:V$98)) / (MAX(V$2:V$98) - MIN(V$2:V$98)), 1) -> 0.6 | X30: 67 | Y30: 16 | Z30: 0 | AA30: 4 | AB30: 8.25 | AC30: =IF(AB30>AD30, 3,IF(AB30<AD30, 1, 2)) -> 3 | AD30: 2 | AE30: 0.6 | AF30: 0.015 | AG30: 6.5 | AH30: 0.25 | AI30: 75 | AJ30: =ROUND((AI30 - MIN(AI$2:AI$98)) / (MAX(AI$2:AI$98) - MIN(AI$2:AI$98)), 1) -> 0.9 | AK30: 0 | AL30: 0 | AM30: 0 | AN30: 0 | AO30: =ROUND((AP30 - MIN($AP$2:$AP2078)) / (MAX($AP$2:$AP2078) - MIN($AP$2:$AP2078)), 1) -> 0 | AP30: 0 | AQ30: =ROUND((AR30 - MIN($AR$2:$AR2078)) / (MAX($AR$2:$AR2078) - MIN($AR$2:$AR2078)), 1) -> 0.7 | AR30: 6 | AS30: 0 | AT30: 0 | AU30: 0 | AV30: 0 | AW30: 20 | AX30: 0.2 | AY30: 0 | AZ30: =(AP30 - MIN($AP$2:$AP$964)) / (MAX($AP$2:$AP$964) - MIN($AP$2:$AP$964)) -> 0 | BA30: 0 | BB30: 0 | BC30: 0 | BD30: 0 | BE30: 6.5 | BF30: =ROUND((BE30 - MIN(BE$2:BE$174)) / (MAX(BE$2:BE$174) - MIN(BE$2:BE$174)), 1) -> 0.1 | BG30: =IF(AND(K30>=800,V30>=145),3,IF(K30>=400,1,2)) -> 1 | BH30: 8 | BI30: =ROUND((BH30 - MIN(BH$2:BH$174)) / (MAX(BH$2:BH$174) - MIN(BH$2:BH$174)), 1) -> 0.7 | BJ30: 8 | BK30: 0.86 | BL30: 7 | BM30: 0.33 | BN30: 0 | BO30: 0 | BP30: =ROUND((0.35 * L30) + (0.25 * W30) + (0.15 * U30) + (0.15 * BF30) + (0.1 * AJ30), 1) -> 0.4 | BQ30: 0 | BR30: 0 | BS30: =(0.45*L30 + 0.35*M30 + 0.12*AJ30 + 0.08*BF30) * (1 - BR30) -> 0.206 | BT30: 0 | BU30: 0 | BV30: 58.1 | BW30: 0.068 | BX30: =D30 * ( BP30*0.4 + L30*0.25 + W30*0.15 + AX30*0.1 + BF30*0.1 ) * 100 -> 33 | BY30: =E:E*(BQ:BQ*0.35+AT:AT*0.3+AV:AV*0.15+AN:AN*0.1+AO:AO*0.1)*100 -> 0 | BZ30: =ROUND(IF(N(F30)=1, MAX(0, ( (N(BN30)/18)*0.6 + (N(BF30)/10)*0.25 + N(AX30)*0.15 ) * 100 ), 0 ),3) -> 0 | CA30: =ROUND(G:G*(BO:BO*0.45+AZ:AZ*0.3+BB:BB*0.15+BF:BF*0.1)*100,3) -> 0 | CB30: =BX:BX+BY:BY+BZ:BZ + CA:CA -> 33 | CC30: =ROUND(0.7 + (BR:BR* 0.2) + (BS:BS * 0.1),3) -> 0.721 | CD30: =ROUND(CB:CB* CC:CC, 2) -> 23.79 | CE30: =ROUND( 1 - ( (D:D * 0.25) + (E:E* 0.2) + (F:F* 0.15) + (G:G* 0.1) ) * AQ:AQ, 3 ) -> 0.825 | CF30: =ROUND( CD:CD* CE:CE, 2 ) -> 19.63 | CG30: =RANK(CF30,CF:CF) -> 155
A31: 403902 | B31: Liam Livingstone | C31: Batsman | D31: 1 | E31: 1 | F31: 0 | G31: 0 | H31: 16 | I31: 16 | J31: =ROUND((K31 - MIN($K$2:$K$98)) / (MAX($K$2:$K$98) - MIN($K$2:$K$98)), 1) -> 0.3 | K31: 390 | L31: 0.1 | M31: 1 | N31: Opener | O31: 1 | P31: England | Q31: 1 | R31: 30 | S31: 94 | T31: 30 | U31: =ROUND((T31 - MIN(T$2:T$98)) / (MAX(T$2:T$98) - MIN(T$2:T$98)), 1) -> 0.5 | V31: 156.63 | W31: =ROUND((V31 - MIN(V$2:V$98)) / (MAX(V$2:V$98) - MIN(V$2:V$98)), 1) -> 0.7 | X31: 28 | Y31: 26 | Z31: 0 | AA31: 2 | AB31: 8.75 | AC31: =IF(AB31>AD31, 3,IF(AB31<AD31, 1, 2)) -> 3 | AD31: 1.5 | AE31: 0.7 | AF31: 0.0175 | AG31: 7 | AH31: 0.5 | AI31: 70 | AJ31: =ROUND((AI31 - MIN(AI$2:AI$98)) / (MAX(AI$2:AI$98) - MIN(AI$2:AI$98)), 1) -> 0.8 | AK31: 5 | AL31: 19 | AM31: 9.37 | AN31: 0.4 | AO31: 0.9 | AP31: 8.5 | AQ31: =ROUND((AR31 - MIN($AR$2:$AR2079)) / (MAX($AR$2:$AR2079) - MIN($AR$2:$AR2079)), 1) -> 0.4 | AR31: 4.5 | AS31: 0.5 | AT31: 0.33 | AU31: 45 | AV31: 0.9 | AW31: 31 | AX31: 0.3 | AY31: 0 | AZ31: 0 | BA31: 0 | BB31: 0 | BC31: 19 | BD31: 35.6 | BE31: 7 | BF31: =ROUND((BE31 - MIN(BE$2:BE$174)) / (MAX(BE$2:BE$174) - MIN(BE$2:BE$174)), 1) -> 0.3 | BG31: =IF(AND(K31>=800,V31>=145),3,IF(K31>=400,1,2)) -> 2 | BH31: 6 | BI31: =ROUND((BH31 - MIN(BH$2:BH$174)) / (MAX(BH$2:BH$174) - MIN(BH$2:BH$174)), 1) -> 0 | BJ31: 9 | BK31: 1 | BL31: 6 | BM31: 0 | BN31: 0 | BO31: 0 | BP31: =ROUND((0.35 * L31) + (0.25 * W31) + (0.15 * U31) + (0.15 * BF31) + (0.1 * AJ31), 1) -> 0.4 | BQ31: 0.3 | BR31: 0 | BS31: =(0.45*L31 + 0.35*M31 + 0.12*AJ31 + 0.08*BF31) * (1 - BR31) -> 0.515 | BT31: 0 | BU31: 0 | BV31: 64.9 | BW31: 0.076 | BX31: =D31 * ( BP31*0.4 + L31*0.25 + W31*0.15 + AX31*0.1 + BF31*0.1 ) * 100 -> 35 | BY31: =E:E*(BQ:BQ*0.35+AT:AT*0.3+AV:AV*0.15+AN:AN*0.1+AO:AO*0.1)*100 -> 46.9 | BZ31: =ROUND(IF(N(F31)=1, MAX(0, ( (N(BN31)/18)*0.6 + (N(BF31)/10)*0.25 + N(AX31)*0.15 ) * 100 ), 0 ),3) -> 0 | CA31: =ROUND(G:G*(BO:BO*0.45+AZ:AZ*0.3+BB:BB*0.15+BF:BF*0.1)*100,3) -> 0 | CB31: =BX:BX+BY:BY+BZ:BZ + CA:CA -> 81.9 | CC31: =ROUND(0.7 + (BR:BR* 0.2) + (BS:BS * 0.1),3) -> 0.752 | CD31: =ROUND(CB:CB* CC:CC, 2) -> 61.59 | CE31: =ROUND( 1 - ( (D:D * 0.25) + (E:E* 0.2) + (F:F* 0.15) + (G:G* 0.1) ) * AQ:AQ, 3 ) -> 0.82 | CF31: =ROUND( CD:CD* CE:CE, 2 ) -> 50.5 | CG31: =RANK(CF31,CF:CF) -> 25
A32: 230558 | B32: Rahul Tripathi | C32: Batsman | D32: 1 | E32: 0 | F32: 0 | G32: 0 | H32: 19 | I32: 24 | J32: =ROUND((K32 - MIN($K$2:$K$98)) / (MAX($K$2:$K$98) - MIN($K$2:$K$98)), 1) -> 0.3 | K32: 438 | L32: 0.2 | M32: 0 | N32: Middle | O32: 2 | P32: India | Q32: 0 | R32: 32 | S32: 74 | T32: 24.33 | U32: =ROUND((T32 - MIN(T$2:T$98)) / (MAX(T$2:T$98) - MIN(T$2:T$98)), 1) -> 0.4 | V32: 133.54 | W32: =ROUND((V32 - MIN(V$2:V$98)) / (MAX(V$2:V$98) - MIN(V$2:V$98)), 1) -> 0.5 | X32: 47 | Y32: 16 | Z32: 0 | AA32: 2 | AB32: 8.5 | AC32: =IF(AB32>AD32, 3,IF(AB32<AD32, 1, 2)) -> 3 | AD32: 0.5 | AE32: 0.5 | AF32: 0.0125 | AG32: 6.5 | AH32: 0.438 | AI32: 65 | AJ32: =ROUND((AI32 - MIN(AI$2:AI$98)) / (MAX(AI$2:AI$98) - MIN(AI$2:AI$98)), 1) -> 0.8 | AK32: 0 | AL32: 0 | AM32: 0 | AN32: 0 | AO32: =ROUND((AP32 - MIN($AP$2:$AP2050)) / (MAX($AP$2:$AP2050) - MIN($AP$2:$AP2050)), 1) -> 0 | AP32: 0 | AQ32: =ROUND((AR32 - MIN($AR$2:$AR2080)) / (MAX($AR$2:$AR2080) - MIN($AR$2:$AR2080)), 1) -> 0.3 | AR32: 3.5 | AS32: 0 | AT32: 0 | AU32: 0 | AV32: 0 | AW32: 45 | AX32: 0.5 | AY32: 0 | AZ32: =(AP32 - MIN($AP$2:$AP$964)) / (MAX($AP$2:$AP$964) - MIN($AP$2:$AP$964)) -> 0 | BA32: 0 | BB32: 0 | BC32: 0 | BD32: 0 | BE32: 6.5 | BF32: =ROUND((BE32 - MIN(BE$2:BE$174)) / (MAX(BE$2:BE$174) - MIN(BE$2:BE$174)), 1) -> 0.1 | BG32: =IF(AND(K32>=800,V32>=145),3,IF(K32>=400,1,2)) -> 1 | BH32: 7 | BI32: =ROUND((BH32 - MIN(BH$2:BH$174)) / (MAX(BH$2:BH$174) - MIN(BH$2:BH$174)), 1) -> 0.3 | BJ32: 8 | BK32: 0.86 | BL32: 7 | BM32: 0.33 | BN32: 0 | BO32: 0 | BP32: =ROUND((0.35 * L32) + (0.25 * W32) + (0.15 * U32) + (0.15 * BF32) + (0.1 * AJ32), 1) -> 0.4 | BQ32: 0 | BR32: 0 | BS32: =(0.45*L32 + 0.35*M32 + 0.12*AJ32 + 0.08*BF32) * (1 - BR32) -> 0.194 | BT32: 0 | BU32: 0 | BV32: 58.6 | BW32: 0.069 | BX32: =D32 * ( BP32*0.4 + L32*0.25 + W32*0.15 + AX32*0.1 + BF32*0.1 ) * 100 -> 34.5 | BY32: =E:E*(BQ:BQ*0.35+AT:AT*0.3+AV:AV*0.15+AN:AN*0.1+AO:AO*0.1)*100 -> 0 | BZ32: =ROUND(IF(N(F32)=1, MAX(0, ( (N(BN32)/18)*0.6 + (N(BF32)/10)*0.25 + N(AX32)*0.15 ) * 100 ), 0 ),3) -> 0 | CA32: =ROUND(G:G*(BO:BO*0.45+AZ:AZ*0.3+BB:BB*0.15+BF:BF*0.1)*100,3) -> 0 | CB32: =BX:BX+BY:BY+BZ:BZ + CA:CA -> 34.5 | CC32: =ROUND(0.7 + (BR:BR* 0.2) + (BS:BS * 0.1),3) -> 0.719 | CD32: =ROUND(CB:CB* CC:CC, 2) -> 24.81 | CE32: =ROUND( 1 - ( (D:D * 0.25) + (E:E* 0.2) + (F:F* 0.15) + (G:G* 0.1) ) * AQ:AQ, 3 ) -> 0.925 | CF32: =ROUND( CD:CD* CE:CE, 2 ) -> 22.95 | CG32: =RANK(CF32,CF:CF) -> 140
A33: 559235 | B33: Shashank Singh | C33: Batsman | D33: 1 | E33: 0 | F33: 0 | G33: 0 | H33: 14 | I33: 19 | J33: =ROUND((K33 - MIN($K$2:$K$98)) / (MAX($K$2:$K$98) - MIN($K$2:$K$98)), 1) -> 0.3 | K33: 354 | L33: 0.2 | M33: 0 | N33: Middle | O33: 2 | P33: India | Q33: 0 | R33: 34 | S33: 68 | T33: 44.25 | U33: =ROUND((T33 - MIN(T$2:T$98)) / (MAX(T$2:T$98) - MIN(T$2:T$98)), 1) -> 0.8 | V33: 164.65 | W33: =ROUND((V33 - MIN(V$2:V$98)) / (MAX(V$2:V$98) - MIN(V$2:V$98)), 1) -> 0.7 | X33: 28 | Y33: 21 | Z33: 0 | AA33: 2 | AB33: 0.2 | AC33: =IF(AB33>AD33, 3,IF(AB33<AD33, 1, 2)) -> 1 | AD33: 2 | AE33: 0.6 | AF33: 0.015 | AG33: 7 | AH33: 0.357 | AI33: 40 | AJ33: =ROUND((AI33 - MIN(AI$2:AI$98)) / (MAX(AI$2:AI$98) - MIN(AI$2:AI$98)), 1) -> 0.4 | AK33: 0 | AL33: 0 | AM33: 0 | AN33: 0 | AO33: =ROUND((AP33 - MIN($AP$2:$AP2051)) / (MAX($AP$2:$AP2051) - MIN($AP$2:$AP2051)), 1) -> 0 | AP33: 0 | AQ33: =ROUND((AR33 - MIN($AR$2:$AR2081)) / (MAX($AR$2:$AR2081) - MIN($AR$2:$AR2081)), 1) -> 0.2 | AR33: 3 | AS33: 0 | AT33: 0 | AU33: 0 | AV33: 0 | AW33: 50 | AX33: 0.5 | AY33: 0 | AZ33: =(AP33 - MIN($AP$2:$AP$964)) / (MAX($AP$2:$AP$964) - MIN($AP$2:$AP$964)) -> 0 | BA33: 0 | BB33: 0 | BC33: 0 | BD33: 0 | BE33: 7 | BF33: =ROUND((BE33 - MIN(BE$2:BE$174)) / (MAX(BE$2:BE$174) - MIN(BE$2:BE$174)), 1) -> 0.3 | BG33: =IF(AND(K33>=800,V33>=145),3,IF(K33>=400,1,2)) -> 2 | BH33: 6 | BI33: =ROUND((BH33 - MIN(BH$2:BH$174)) / (MAX(BH$2:BH$174) - MIN(BH$2:BH$174)), 1) -> 0 | BJ33: 7 | BK33: 0.71 | BL33: 7 | BM33: 0.33 | BN33: 0 | BO33: 0 | BP33: =ROUND((0.35 * L33) + (0.25 * W33) + (0.15 * U33) + (0.15 * BF33) + (0.1 * AJ33), 1) -> 0.5 | BQ33: 0 | BR33: 0 | BS33: =(0.45*L33 + 0.35*M33 + 0.12*AJ33 + 0.08*BF33) * (1 - BR33) -> 0.162 | BT33: 0 | BU33: 0 | BV33: 49.45 | BW33: 0.059 | BX33: =D33 * ( BP33*0.4 + L33*0.25 + W33*0.15 + AX33*0.1 + BF33*0.1 ) * 100 -> 43.5 | BY33: =E:E*(BQ:BQ*0.35+AT:AT*0.3+AV:AV*0.15+AN:AN*0.1+AO:AO*0.1)*100 -> 0 | BZ33: =ROUND(IF(N(F33)=1, MAX(0, ( (N(BN33)/18)*0.6 + (N(BF33)/10)*0.25 + N(AX33)*0.15 ) * 100 ), 0 ),3) -> 0 | CA33: =ROUND(G:G*(BO:BO*0.45+AZ:AZ*0.3+BB:BB*0.15+BF:BF*0.1)*100,3) -> 0 | CB33: =BX:BX+BY:BY+BZ:BZ + CA:CA -> 43.5 | CC33: =ROUND(0.7 + (BR:BR* 0.2) + (BS:BS * 0.1),3) -> 0.716 | CD33: =ROUND(CB:CB* CC:CC, 2) -> 31.15 | CE33: =ROUND( 1 - ( (D:D * 0.25) + (E:E* 0.2) + (F:F* 0.15) + (G:G* 0.1) ) * AQ:AQ, 3 ) -> 0.95 | CF33: =ROUND( CD:CD* CE:CE, 2 ) -> 29.59 | CG33: =RANK(CF33,CF:CF) -> 105
A34: 1250290 | B34: David Miller | C34: Batsman | D34: 1 | E34: 0 | F34: 0 | G34: 0 | H34: 23 | I34: 14 | J34: =ROUND((K34 - MIN($K$2:$K$98)) / (MAX($K$2:$K$98) - MIN($K$2:$K$98)), 1) -> 0.4 | K34: 501 | L34: 0.2 | M34: 0 | N34: Finisher | O34: 3 | P34: South Africa | Q34: 1 | R34: 32 | S34: 55 | T34: 35.79 | U34: =ROUND((T34 - MIN(T$2:T$98)) / (MAX(T$2:T$98) - MIN(T$2:T$98)), 1) -> 0.6 | V34: 149.11 | W34: =ROUND((V34 - MIN(V$2:V$98)) / (MAX(V$2:V$98) - MIN(V$2:V$98)), 1) -> 0.6 | X34: 41 | Y34: 22 | Z34: 0 | AA34: 1 | AB34: 3 | AC34: =IF(AB34>AD34, 3,IF(AB34<AD34, 1, 2)) -> 3 | AD34: 1 | AE34: 0.7 | AF34: 0.0175 | AG34: 7.5 | AH34: 0.3 | AI34: 70 | AJ34: =ROUND((AI34 - MIN(AI$2:AI$98)) / (MAX(AI$2:AI$98) - MIN(AI$2:AI$98)), 1) -> 0.8 | AK34: 0 | AL34: 0 | AM34: 0 | AN34: 0 | AO34: =ROUND((AP34 - MIN($AP$2:$AP2052)) / (MAX($AP$2:$AP2052) - MIN($AP$2:$AP2052)), 1) -> 0 | AP34: 0 | AQ34: =ROUND((AR34 - MIN($AR$2:$AR2082)) / (MAX($AR$2:$AR2082) - MIN($AR$2:$AR2082)), 1) -> 0.7 | AR34: 6 | AS34: 0 | AT34: 0 | AU34: 0 | AV34: 0 | AW34: 43 | AX34: 0.4 | AY34: 0 | AZ34: =(AP34 - MIN($AP$2:$AP$964)) / (MAX($AP$2:$AP$964) - MIN($AP$2:$AP$964)) -> 0 | BA34: 0 | BB34: 0 | BC34: 0 | BD34: 0 | BE34: 7.5 | BF34: =ROUND((BE34 - MIN(BE$2:BE$174)) / (MAX(BE$2:BE$174) - MIN(BE$2:BE$174)), 1) -> 0.4 | BG34: =IF(AND(K34>=800,V34>=145),3,IF(K34>=400,1,2)) -> 1 | BH34: 6 | BI34: =ROUND((BH34 - MIN(BH$2:BH$174)) / (MAX(BH$2:BH$174) - MIN(BH$2:BH$174)), 1) -> 0 | BJ34: 8 | BK34: 0.86 | BL34: 6 | BM34: 0 | BN34: 0 | BO34: 0 | BP34: =ROUND((0.35 * L34) + (0.25 * W34) + (0.15 * U34) + (0.15 * BF34) + (0.1 * AJ34), 1) -> 0.5 | BQ34: 0 | BR34: 0 | BS34: =(0.45*L34 + 0.35*M34 + 0.12*AJ34 + 0.08*BF34) * (1 - BR34) -> 0.218 | BT34: 0 | BU34: 0 | BV34: 60.5 | BW34: 0.071 | BX34: =D34 * ( BP34*0.4 + L34*0.25 + W34*0.15 + AX34*0.1 + BF34*0.1 ) * 100 -> 42 | BY34: =E:E*(BQ:BQ*0.35+AT:AT*0.3+AV:AV*0.15+AN:AN*0.1+AO:AO*0.1)*100 -> 0 | BZ34: =ROUND(IF(N(F34)=1, MAX(0, ( (N(BN34)/18)*0.6 + (N(BF34)/10)*0.25 + N(AX34)*0.15 ) * 100 ), 0 ),3) -> 0 | CA34: =ROUND(G:G*(BO:BO*0.45+AZ:AZ*0.3+BB:BB*0.15+BF:BF*0.1)*100,3) -> 0 | CB34: =BX:BX+BY:BY+BZ:BZ + CA:CA -> 42 | CC34: =ROUND(0.7 + (BR:BR* 0.2) + (BS:BS * 0.1),3) -> 0.722 | CD34: =ROUND(CB:CB* CC:CC, 2) -> 30.32 | CE34: =ROUND( 1 - ( (D:D * 0.25) + (E:E* 0.2) + (F:F* 0.15) + (G:G* 0.1) ) * AQ:AQ, 3 ) -> 0.825 | CF34: =ROUND( CD:CD* CE:CE, 2 ) -> 25.01 | CG34: =RANK(CF34,CF:CF) -> 127
A35: 321777 | B35: Cameron Green | C35: Batsman | D35: 1 | E35: 0 | F35: 1 | G35: 0 | H35: 28 | I35: 23 | J35: =ROUND((K35 - MIN($K$2:$K$98)) / (MAX($K$2:$K$98) - MIN($K$2:$K$98)), 1) -> 0.5 | K35: 707 | L35: 0.2 | M35: 0 | N35: Middle | O35: 2 | P35: Australia | Q35: 1 | R35: 30 | S35: 78 | T35: 41.59 | U35: =ROUND((T35 - MIN(T$2:T$98)) / (MAX(T$2:T$98) - MIN(T$2:T$98)), 1) -> 0.7 | V35: 153.7 | W35: =ROUND((V35 - MIN(V$2:V$98)) / (MAX(V$2:V$98) - MIN(V$2:V$98)), 1) -> 0.6 | X35: 62 | Y35: 32 | Z35: 1 | AA35: 2 | AB35: 17.5 | AC35: =IF(AB35>AD35, 3,IF(AB35<AD35, 1, 2)) -> 3 | AD35: 2 | AE35: 0.7 | AF35: 0.0175 | AG35: 7 | AH35: 0.025 | AI35: 65 | AJ35: =ROUND((AI35 - MIN(AI$2:AI$98)) / (MAX(AI$2:AI$98) - MIN(AI$2:AI$98)), 1) -> 0.8 | AK35: 14 | AL35: 10 | AM35: 8.1 | AN35: 0.5 | AO35: 0 | AP35: 6 | AQ35: =ROUND((AR35 - MIN($AR$2:$AR2083)) / (MAX($AR$2:$AR2083) - MIN($AR$2:$AR2083)), 1) -> 0.2 | AR35: 3 | AS35: 1 | AT35: 0.67 | AU35: 32 | AV35: 0.5 | AW35: 52 | AX35: 0.5 | AY35: 0 | AZ35: 0 | BA35: 0 | BB35: 0 | BC35: 38 | BD35: 23.5 | BE35: 7.3 | BF35: =ROUND((BE35 - MIN(BE$2:BE$174)) / (MAX(BE$2:BE$174) - MIN(BE$2:BE$174)), 1) -> 0.3 | BG35: =IF(AND(K35>=800,V35>=145),3,IF(K35>=400,1,2)) -> 1 | BH35: 7 | BI35: =ROUND((BH35 - MIN(BH$2:BH$174)) / (MAX(BH$2:BH$174) - MIN(BH$2:BH$174)), 1) -> 0.3 | BJ35: 7 | BK35: 0.71 | BL35: 7 | BM35: 0.33 | BN35: 15.4 | BO35: 0 | BP35: =ROUND((0.35 * L35) + (0.25 * W35) + (0.15 * U35) + (0.15 * BF35) + (0.1 * AJ35), 1) -> 0.5 | BQ35: 0 | BR35: 0.49 | BS35: 37.1 | BT35: 0 | BU35: 0 | BV35: 621.81 | BW35: 0.678 | BX35: =D35 * ( BP35*0.4 + L35*0.25 + W35*0.15 + AX35*0.1 + BF35*0.1 ) * 100 -> 42 | BY35: =E:E*(BQ:BQ*0.35+AT:AT*0.3+AV:AV*0.15+AN:AN*0.1+AO:AO*0.1)*100 -> 0 | BZ35: =ROUND(IF(N(F35)=1, MAX(0, ( (N(BN35)/18)*0.6 + (N(BF35)/10)*0.25 + N(AX35)*0.15 ) * 100 ), 0 ),3) -> 59.583 | CA35: =ROUND(G:G*(BO:BO*0.45+AZ:AZ*0.3+BB:BB*0.15+BF:BF*0.1)*100,3) -> 0 | CB35: =BX:BX+BY:BY+BZ:BZ + CA:CA -> 101.583 | CC35: =ROUND(0.7 + (BR:BR* 0.2) + (BS:BS * 0.1),3) -> 4.508 | CD35: =ROUND(CB:CB* CC:CC, 2) -> 457.94 | CE35: =ROUND( 1 - ( (D:D * 0.25) + (E:E* 0.2) + (F:F* 0.15) + (G:G* 0.1) ) * AQ:AQ, 3 ) -> 0.92 | CF35: =ROUND( CD:CD* CE:CE, 2 ) -> 421.3 | CG35: =RANK(CF35,CF:CF) -> 1
A36: 1168045 | B36: Ishan Kishan | C36: Batsman | D36: 1 | E36: 0 | F36: 0 | G36: 1 | H36: 29 | I36: 28 | J36: =ROUND((K36 - MIN($K$2:$K$98)) / (MAX($K$2:$K$98) - MIN($K$2:$K$98)), 1) -> 0.6 | K36: 774 | L36: 0.2 | M36: 0 | N36: Opener | O36: 2 | P36: India | Q36: 0 | R36: 35 | S36: 75 | T36: 26.69 | U36: =ROUND((T36 - MIN(T$2:T$98)) / (MAX(T$2:T$98) - MIN(T$2:T$98)), 1) -> 0.5 | V36: 145.22 | W36: =ROUND((V36 - MIN(V$2:V$98)) / (MAX(V$2:V$98) - MIN(V$2:V$98)), 1) -> 0.6 | X36: 89 | Y36: 34 | Z36: 0 | AA36: 4 | AB36: 15.25 | AC36: =IF(AB36>AD36, 3,IF(AB36<AD36, 1, 2)) -> 3 | AD36: 2 | AE36: 0.7 | AF36: 0.0175 | AG36: 7 | AH36: 0.125 | AI36: 60 | AJ36: =ROUND((AI36 - MIN(AI$2:AI$98)) / (MAX(AI$2:AI$98) - MIN(AI$2:AI$98)), 1) -> 0.7 | AK36: 0 | AL36: 0 | AM36: 0 | AN36: 0 | AO36: =ROUND((AP36 - MIN($AP$2:$AP2050)) / (MAX($AP$2:$AP2050) - MIN($AP$2:$AP2050)), 1) -> 0 | AP36: 0 | AQ36: =ROUND((AR36 - MIN($AR$2:$AR2084)) / (MAX($AR$2:$AR2084) - MIN($AR$2:$AR2084)), 1) -> 0.3 | AR36: 3.5 | AS36: 0 | AT36: 0 | AU36: 0 | AV36: 0 | AW36: 30 | AX36: 0.3 | AY36: 7 | AZ36: 0.43 | BA36: 0 | BB36: 0 | BC36: 0 | BD36: 0 | BE36: 7 | BF36: =ROUND((BE36 - MIN(BE$2:BE$174)) / (MAX(BE$2:BE$174) - MIN(BE$2:BE$174)), 1) -> 0.3 | BG36: =IF(AND(K36>=800,V36>=145),3,IF(K36>=400,1,2)) -> 1 | BH36: 8 | BI36: =ROUND((BH36 - MIN(BH$2:BH$174)) / (MAX(BH$2:BH$174) - MIN(BH$2:BH$174)), 1) -> 0.7 | BJ36: 7 | BK36: 0.71 | BL36: 7 | BM36: 0.33 | BN36: 0 | BO36: 0.5 | BP36: =ROUND((0.35 * L36) + (0.25 * W36) + (0.15 * U36) + (0.15 * BF36) + (0.1 * AJ36), 1) -> 0.4 | BQ36: 0 | BR36: 0.65 | BS36: =(0.45*L36 + 0.35*M36 + 0.12*AJ36 + 0.08*BF36) * (1 - BR36) -> 0.0693 | BT36: 0 | BU36: 0 | BV36: 54.45 | BW36: 0.064 | BX36: =D36 * ( BP36*0.4 + L36*0.25 + W36*0.15 + AX36*0.1 + BF36*0.1 ) * 100 -> 36 | BY36: =E:E*(BQ:BQ*0.35+AT:AT*0.3+AV:AV*0.15+AN:AN*0.1+AO:AO*0.1)*100 -> 0 | BZ36: =ROUND(IF(N(F36)=1, MAX(0, ( (N(BN36)/18)*0.6 + (N(BF36)/10)*0.25 + N(AX36)*0.15 ) * 100 ), 0 ),3) -> 0 | CA36: =ROUND(G:G*(BO:BO*0.45+AZ:AZ*0.3+BB:BB*0.15+BF:BF*0.1)*100,3) -> 38.4 | CB36: =BX:BX+BY:BY+BZ:BZ + CA:CA -> 74.4 | CC36: =ROUND(0.7 + (BR:BR* 0.2) + (BS:BS * 0.1),3) -> 0.837 | CD36: =ROUND(CB:CB* CC:CC, 2) -> 62.27 | CE36: =ROUND( 1 - ( (D:D * 0.25) + (E:E* 0.2) + (F:F* 0.15) + (G:G* 0.1) ) * AQ:AQ, 3 ) -> 0.895 | CF36: =ROUND( CD:CD* CE:CE, 2 ) -> 55.73 | CG36: =RANK(CF36,CF:CF) -> 22
A37: 720471 | B37: Rohit Sharma | C37: Batsman | D37: 1 | E37: 0 | F37: 0 | G37: 0 | H37: 30 | I37: 29 | J37: =ROUND((K37 - MIN($K$2:$K$98)) / (MAX($K$2:$K$98) - MIN($K$2:$K$98)), 1) -> 0.5 | K37: 749 | L37: 0.2 | M37: 0 | N37: Opener | O37: 1 | P37: India | Q37: 0 | R37: 25 | S37: 105 | T37: 25.83 | U37: =ROUND((T37 - MIN(T$2:T$98)) / (MAX(T$2:T$98) - MIN(T$2:T$98)), 1) -> 0.5 | V37: 141.86 | W37: =ROUND((V37 - MIN(V$2:V$98)) / (MAX(V$2:V$98) - MIN(V$2:V$98)), 1) -> 0.6 | X37: 80 | Y37: 40 | Z37: 1 | AA37: 3 | AB37: 0 | AC37: =IF(AB37>AD37, 3,IF(AB37<AD37, 1, 2)) -> 2 | AD37: 0 | AE37: 0.6 | AF37: 0.015 | AG37: 7.5 | AH37: 0.167 | AI37: 80 | AJ37: =ROUND((AI37 - MIN(AI$2:AI$98)) / (MAX(AI$2:AI$98) - MIN(AI$2:AI$98)), 1) -> 0.9 | AK37: 0 | AL37: 0 | AM37: 0 | AN37: 0 | AO37: =ROUND((AP37 - MIN($AP$2:$AP2051)) / (MAX($AP$2:$AP2051) - MIN($AP$2:$AP2051)), 1) -> 0 | AP37: 0 | AQ37: =ROUND((AR37 - MIN($AR$2:$AR2085)) / (MAX($AR$2:$AR2085) - MIN($AR$2:$AR2085)), 1) -> 0.8 | AR37: 7 | AS37: 0 | AT37: 0 | AU37: 0 | AV37: 0 | AW37: 38 | AX37: 0.4 | AY37: 0 | AZ37: =(AP37 - MIN($AP$2:$AP$964)) / (MAX($AP$2:$AP$964) - MIN($AP$2:$AP$964)) -> 0 | BA37: 0 | BB37: 0 | BC37: 0 | BD37: 0 | BE37: 7.5 | BF37: =ROUND((BE37 - MIN(BE$2:BE$174)) / (MAX(BE$2:BE$174) - MIN(BE$2:BE$174)), 1) -> 0.4 | BG37: =IF(AND(K37>=800,V37>=145),3,IF(K37>=400,1,2)) -> 1 | BH37: 7 | BI37: =ROUND((BH37 - MIN(BH$2:BH$174)) / (MAX(BH$2:BH$174) - MIN(BH$2:BH$174)), 1) -> 0.3 | BJ37: 8 | BK37: 0.86 | BL37: 7 | BM37: 0.33 | BN37: 0 | BO37: 0 | BP37: =ROUND((0.35 * L37) + (0.25 * W37) + (0.15 * U37) + (0.15 * BF37) + (0.1 * AJ37), 1) -> 0.4 | BQ37: 0 | BR37: 0.78 | BS37: =(0.45*L37 + 0.35*M37 + 0.12*AJ37 + 0.08*BF37) * (1 - BR37) -> 0.0506 | BT37: 0 | BU37: 0 | BV37: 59.5 | BW37: 0.07 | BX37: =D37 * ( BP37*0.4 + L37*0.25 + W37*0.15 + AX37*0.1 + BF37*0.1 ) * 100 -> 38 | BY37: =E:E*(BQ:BQ*0.35+AT:AT*0.3+AV:AV*0.15+AN:AN*0.1+AO:AO*0.1)*100 -> 0 | BZ37: =ROUND(IF(N(F37)=1, MAX(0, ( (N(BN37)/18)*0.6 + (N(BF37)/10)*0.25 + N(AX37)*0.15 ) * 100 ), 0 ),3) -> 0 | CA37: =ROUND(G:G*(BO:BO*0.45+AZ:AZ*0.3+BB:BB*0.15+BF:BF*0.1)*100,3) -> 0 | CB37: =BX:BX+BY:BY+BZ:BZ + CA:CA -> 38 | CC37: =ROUND(0.7 + (BR:BR* 0.2) + (BS:BS * 0.1),3) -> 0.861 | CD37: =ROUND(CB:CB* CC:CC, 2) -> 32.72 | CE37: =ROUND( 1 - ( (D:D * 0.25) + (E:E* 0.2) + (F:F* 0.15) + (G:G* 0.1) ) * AQ:AQ, 3 ) -> 0.8 | CF37: =ROUND( CD:CD* CE:CE, 2 ) -> 26.18 | CG37: =RANK(CF37,CF:CF) -> 121
A38: 34102 | B38: Ajinkya Rahane | C38: Batsman | D38: 1 | E38: 0 | F38: 0 | G38: 0 | H38: 23 | I38: 30 | J38: =ROUND((K38 - MIN($K$2:$K$98)) / (MAX($K$2:$K$98) - MIN($K$2:$K$98)), 1) -> 0.4 | K38: 568 | L38: 0.2 | M38: 0 | N38: Middle | O38: 1 | P38: India | Q38: 0 | R38: 26 | S38: 71 | T38: 25.82 | U38: =ROUND((T38 - MIN(T$2:T$98)) / (MAX(T$2:T$98) - MIN(T$2:T$98)), 1) -> 0.5 | V38: 147.53 | W38: =ROUND((V38 - MIN(V$2:V$98)) / (MAX(V$2:V$98) - MIN(V$2:V$98)), 1) -> 0.6 | X38: 47 | Y38: 23 | Z38: 0 | AA38: 2 | AB38: 0 | AC38: =IF(AB38>AD38, 3,IF(AB38<AD38, 1, 2)) -> 1 | AD38: 2 | AE38: 0.6 | AF38: 0.015 | AG38: 6 | AH38: 0.25 | AI38: 55 | AJ38: =ROUND((AI38 - MIN(AI$2:AI$98)) / (MAX(AI$2:AI$98) - MIN(AI$2:AI$98)), 1) -> 0.6 | AK38: 0 | AL38: 0 | AM38: 0 | AN38: 0 | AO38: =ROUND((AP38 - MIN($AP$2:$AP2052)) / (MAX($AP$2:$AP2052) - MIN($AP$2:$AP2052)), 1) -> 0 | AP38: 0 | AQ38: =ROUND((AR38 - MIN($AR$2:$AR2086)) / (MAX($AR$2:$AR2086) - MIN($AR$2:$AR2086)), 1) -> 0.7 | AR38: 6 | AS38: 0 | AT38: 0 | AU38: 0 | AV38: 0 | AW38: 26 | AX38: 0.3 | AY38: 0 | AZ38: =(AP38 - MIN($AP$2:$AP$964)) / (MAX($AP$2:$AP$964) - MIN($AP$2:$AP$964)) -> 0 | BA38: 0 | BB38: 0 | BC38: 0 | BD38: 0 | BE38: 6 | BF38: =ROUND((BE38 - MIN(BE$2:BE$174)) / (MAX(BE$2:BE$174) - MIN(BE$2:BE$174)), 1) -> 0 | BG38: =IF(AND(K38>=800,V38>=145),3,IF(K38>=400,1,2)) -> 1 | BH38: 6 | BI38: =ROUND((BH38 - MIN(BH$2:BH$174)) / (MAX(BH$2:BH$174) - MIN(BH$2:BH$174)), 1) -> 0 | BJ38: 8 | BK38: 0.86 | BL38: 7 | BM38: 0.33 | BN38: 0 | BO38: 0 | BP38: =ROUND((0.35 * L38) + (0.25 * W38) + (0.15 * U38) + (0.15 * BF38) + (0.1 * AJ38), 1) -> 0.4 | BQ38: 0 | BR38: 0 | BS38: =(0.45*L38 + 0.35*M38 + 0.12*AJ38 + 0.08*BF38) * (1 - BR38) -> 0.162 | BT38: 0 | BU38: 0 | BV38: 50.8 | BW38: 0.06 | BX38: =D38 * ( BP38*0.4 + L38*0.25 + W38*0.15 + AX38*0.1 + BF38*0.1 ) * 100 -> 33 | BY38: =E:E*(BQ:BQ*0.35+AT:AT*0.3+AV:AV*0.15+AN:AN*0.1+AO:AO*0.1)*100 -> 0 | BZ38: =ROUND(IF(N(F38)=1, MAX(0, ( (N(BN38)/18)*0.6 + (N(BF38)/10)*0.25 + N(AX38)*0.15 ) * 100 ), 0 ),3) -> 0 | CA38: =ROUND(G:G*(BO:BO*0.45+AZ:AZ*0.3+BB:BB*0.15+BF:BF*0.1)*100,3) -> 0 | CB38: =BX:BX+BY:BY+BZ:BZ + CA:CA -> 33 | CC38: =ROUND(0.7 + (BR:BR* 0.2) + (BS:BS * 0.1),3) -> 0.716 | CD38: =ROUND(CB:CB* CC:CC, 2) -> 23.63 | CE38: =ROUND( 1 - ( (D:D * 0.25) + (E:E* 0.2) + (F:F* 0.15) + (G:G* 0.1) ) * AQ:AQ, 3 ) -> 0.825 | CF38: =ROUND( CD:CD* CE:CE, 2 ) -> 19.49 | CG38: =RANK(CF38,CF:CF) -> 158
A39: 277916 | B39: Ayush Badoni | C39: Batsman | D39: 1 | E39: 0 | F39: 0 | G39: 0 | H39: 24 | I39: 23 | J39: =ROUND((K39 - MIN($K$2:$K$98)) / (MAX($K$2:$K$98) - MIN($K$2:$K$98)), 1) -> 0.3 | K39: 473 | L39: 0.1 | M39: 0 | N39: Middle | O39: 2 | P39: India | Q39: 0 | R39: 31 | S39: 59 | T39: 26.28 | U39: =ROUND((T39 - MIN(T$2:T$98)) / (MAX(T$2:T$98) - MIN(T$2:T$98)), 1) -> 0.5 | V39: 137.9 | W39: =ROUND((V39 - MIN(V$2:V$98)) / (MAX(V$2:V$98) - MIN(V$2:V$98)), 1) -> 0.6 | X39: 35 | Y39: 17 | Z39: 0 | AA39: 3 | AB39: 0 | AC39: =IF(AB39>AD39, 3,IF(AB39<AD39, 1, 2)) -> 1 | AD39: 2 | AE39: 0.6 | AF39: 0.015 | AG39: 6.5 | AH39: 0.667 | AI39: 50 | AJ39: =ROUND((AI39 - MIN(AI$2:AI$98)) / (MAX(AI$2:AI$98) - MIN(AI$2:AI$98)), 1) -> 0.6 | AK39: 0 | AL39: 65 | AM39: 0 | AN39: 0 | AO39: =ROUND((AP39 - MIN($AP$2:$AP2053)) / (MAX($AP$2:$AP2053) - MIN($AP$2:$AP2053)), 1) -> 0 | AP39: 0 | AQ39: =ROUND((AR39 - MIN($AR$2:$AR2087)) / (MAX($AR$2:$AR2087) - MIN($AR$2:$AR2087)), 1) -> 0 | AR39: 2 | AS39: 0 | AT39: 0 | AU39: 0 | AV39: 0 | AW39: 23 | AX39: 0.2 | AY39: 0 | AZ39: =(AP39 - MIN($AP$2:$AP$964)) / (MAX($AP$2:$AP$964) - MIN($AP$2:$AP$964)) -> 0 | BA39: 0 | BB39: 0 | BC39: 0 | BD39: 0 | BE39: 6.5 | BF39: =ROUND((BE39 - MIN(BE$2:BE$174)) / (MAX(BE$2:BE$174) - MIN(BE$2:BE$174)), 1) -> 0.1 | BG39: =IF(AND(K39>=800,V39>=145),3,IF(K39>=400,1,2)) -> 1 | BH39: 8 | BI39: =ROUND((BH39 - MIN(BH$2:BH$174)) / (MAX(BH$2:BH$174) - MIN(BH$2:BH$174)), 1) -> 0.7 | BJ39: 6 | BK39: 0.57 | BL39: 7 | BM39: 0.33 | BN39: 0 | BO39: 0 | BP39: =ROUND((0.35 * L39) + (0.25 * W39) + (0.15 * U39) + (0.15 * BF39) + (0.1 * AJ39), 1) -> 0.3 | BQ39: 0 | BR39: 0 | BS39: =(0.45*L39 + 0.35*M39 + 0.12*AJ39 + 0.08*BF39) * (1 - BR39) -> 0.125 | BT39: 0 | BU39: 0 | BV39: 44.65 | BW39: 0.054 | BX39: =D39 * ( BP39*0.4 + L39*0.25 + W39*0.15 + AX39*0.1 + BF39*0.1 ) * 100 -> 26.5 | BY39: =E:E*(BQ:BQ*0.35+AT:AT*0.3+AV:AV*0.15+AN:AN*0.1+AO:AO*0.1)*100 -> 0 | BZ39: =ROUND(IF(N(F39)=1, MAX(0, ( (N(BN39)/18)*0.6 + (N(BF39)/10)*0.25 + N(AX39)*0.15 ) * 100 ), 0 ),3) -> 0 | CA39: =ROUND(G:G*(BO:BO*0.45+AZ:AZ*0.3+BB:BB*0.15+BF:BF*0.1)*100,3) -> 0 | CB39: =BX:BX+BY:BY+BZ:BZ + CA:CA -> 26.5 | CC39: =ROUND(0.7 + (BR:BR* 0.2) + (BS:BS * 0.1),3) -> 0.713 | CD39: =ROUND(CB:CB* CC:CC, 2) -> 18.89 | CE39: =ROUND( 1 - ( (D:D * 0.25) + (E:E* 0.2) + (F:F* 0.15) + (G:G* 0.1) ) * AQ:AQ, 3 ) -> 1 | CF39: =ROUND( CD:CD* CE:CE, 2 ) -> 18.89 | CG39: =RANK(CF39,CF:CF) -> 161
A40: 234675 | B40: Shreyas Iyer | C40: Batsman | D40: 1 | E40: 0 | F40: 0 | G40: 0 | H40: 14 | I40: 25 | J40: =ROUND((K40 - MIN($K$2:$K$98)) / (MAX($K$2:$K$98) - MIN($K$2:$K$98)), 1) -> 0.3 | K40: 351 | L40: 0.2 | M40: 0 | N40: Middle | O40: 2 | P40: India | Q40: 0 | R40: 26 | S40: 58 | T40: 39 | U40: =ROUND((T40 - MIN(T$2:T$98)) / (MAX(T$2:T$98) - MIN(T$2:T$98)), 1) -> 0.7 | V40: 146.86 | W40: =ROUND((V40 - MIN(V$2:V$98)) / (MAX(V$2:V$98) - MIN(V$2:V$98)), 1) -> 0.6 | X40: 34 | Y40: 14 | Z40: 0 | AA40: 2 | AB40: 27 | AC40: =IF(AB40>AD40, 3,IF(AB40<AD40, 1, 2)) -> 3 | AD40: 1.5 | AE40: 0.6 | AF40: 0.015 | AG40: 7 | AH40: 0.139 | AI40: 75 | AJ40: =ROUND((AI40 - MIN(AI$2:AI$98)) / (MAX(AI$2:AI$98) - MIN(AI$2:AI$98)), 1) -> 0.9 | AK40: 0 | AL40: 0 | AM40: 0 | AN40: 0 | AO40: =ROUND((AP40 - MIN($AP$2:$AP2054)) / (MAX($AP$2:$AP2054) - MIN($AP$2:$AP2054)), 1) -> 0 | AP40: 0 | AQ40: =ROUND((AR40 - MIN($AR$2:$AR2088)) / (MAX($AR$2:$AR2088) - MIN($AR$2:$AR2088)), 1) -> 0.3 | AR40: 4 | AS40: 0 | AT40: 0 | AU40: 0 | AV40: 0 | AW40: 34 | AX40: 0.3 | AY40: 0 | AZ40: =(AP40 - MIN($AP$2:$AP$964)) / (MAX($AP$2:$AP$964) - MIN($AP$2:$AP$964)) -> 0 | BA40: 0 | BB40: 0 | BC40: 0 | BD40: 0 | BE40: 7 | BF40: =ROUND((BE40 - MIN(BE$2:BE$174)) / (MAX(BE$2:BE$174) - MIN(BE$2:BE$174)), 1) -> 0.3 | BG40: =IF(AND(K40>=800,V40>=145),3,IF(K40>=400,1,2)) -> 2 | BH40: 7 | BI40: =ROUND((BH40 - MIN(BH$2:BH$174)) / (MAX(BH$2:BH$174) - MIN(BH$2:BH$174)), 1) -> 0.3 | BJ40: 9 | BK40: 1 | BL40: 6 | BM40: 0 | BN40: 0 | BO40: 0 | BP40: =ROUND((0.35 * L40) + (0.25 * W40) + (0.15 * U40) + (0.15 * BF40) + (0.1 * AJ40), 1) -> 0.5 | BQ40: 0 | BR40: 0.67 | BS40: =(0.45*L40 + 0.35*M40 + 0.12*AJ40 + 0.08*BF40) * (1 - BR40) -> 0.07326 | BT40: 0 | BU40: 0 | BV40: 68.9 | BW40: 0.08 | BX40: =D40 * ( BP40*0.4 + L40*0.25 + W40*0.15 + AX40*0.1 + BF40*0.1 ) * 100 -> 40 | BY40: =E:E*(BQ:BQ*0.35+AT:AT*0.3+AV:AV*0.15+AN:AN*0.1+AO:AO*0.1)*100 -> 0 | BZ40: =ROUND(IF(N(F40)=1, MAX(0, ( (N(BN40)/18)*0.6 + (N(BF40)/10)*0.25 + N(AX40)*0.15 ) * 100 ), 0 ),3) -> 0 | CA40: =ROUND(G:G*(BO:BO*0.45+AZ:AZ*0.3+BB:BB*0.15+BF:BF*0.1)*100,3) -> 0 | CB40: =BX:BX+BY:BY+BZ:BZ + CA:CA -> 40 | CC40: =ROUND(0.7 + (BR:BR* 0.2) + (BS:BS * 0.1),3) -> 0.841 | CD40: =ROUND(CB:CB* CC:CC, 2) -> 33.64 | CE40: =ROUND( 1 - ( (D:D * 0.25) + (E:E* 0.2) + (F:F* 0.15) + (G:G* 0.1) ) * AQ:AQ, 3 ) -> 0.925 | CF40: =ROUND( CD:CD* CE:CE, 2 ) -> 31.12 | CG40: =RANK(CF40,CF:CF) -> 85
A41: 1284829 | B41: Dinesh Karthik | C41: Batsman | D41: 1 | E41: 0 | F41: 0 | G41: 1 | H41: 27 | I41: 14 | J41: =ROUND((K41 - MIN($K$2:$K$98)) / (MAX($K$2:$K$98) - MIN($K$2:$K$98)), 1) -> 0.3 | K41: 472 | L41: 0.1 | M41: 0 | N41: Finisher | O41: 2 | P41: India | Q41: 0 | R41: 32 | S41: 83 | T41: 46.6 | U41: =ROUND((T41 - MIN(T$2:T$98)) / (MAX(T$2:T$98) - MIN(T$2:T$98)), 1) -> 0.8 | V41: 165.61 | W41: =ROUND((V41 - MIN(V$2:V$98)) / (MAX(V$2:V$98) - MIN(V$2:V$98)), 1) -> 0.7 | X41: 40 | Y41: 27 | Z41: 0 | AA41: 2 | AB41: 26.75 | AC41: =IF(AB41>AD41, 3,IF(AB41<AD41, 1, 2)) -> 3 | AD41: 2 | AE41: 0.6 | AF41: 0.015 | AG41: 6.5 | AH41: 0.009 | AI41: 60 | AJ41: =ROUND((AI41 - MIN(AI$2:AI$98)) / (MAX(AI$2:AI$98) - MIN(AI$2:AI$98)), 1) -> 0.7 | AK41: 0 | AL41: 0 | AM41: 0 | AN41: 0 | AO41: =ROUND((AP41 - MIN($AP$2:$AP2055)) / (MAX($AP$2:$AP2055) - MIN($AP$2:$AP2055)), 1) -> 0 | AP41: 0 | AQ41: =ROUND((AR41 - MIN($AR$2:$AR2089)) / (MAX($AR$2:$AR2089) - MIN($AR$2:$AR2089)), 1) -> 0.6 | AR41: 5.5 | AS41: 0 | AT41: 0 | AU41: 0 | AV41: 0 | AW41: 58 | AX41: 0.6 | AY41: 5 | AZ41: 0.31 | BA41: 0 | BB41: 0 | BC41: 0 | BD41: 0 | BE41: 7 | BF41: =ROUND((BE41 - MIN(BE$2:BE$174)) / (MAX(BE$2:BE$174) - MIN(BE$2:BE$174)), 1) -> 0.3 | BG41: 2 | BH41: 6 | BI41: =ROUND((BH41 - MIN(BH$2:BH$174)) / (MAX(BH$2:BH$174) - MIN(BH$2:BH$174)), 1) -> 0 | BJ41: 7 | BK41: 0.71 | BL41: 7 | BM41: 0.33 | BN41: 0 | BO41: 0.4 | BP41: =ROUND((0.35 * L41) + (0.25 * W41) + (0.15 * U41) + (0.15 * BF41) + (0.1 * AJ41), 1) -> 0.4 | BQ41: 0 | BR41: 0.79 | BS41: =(0.45*L41 + 0.35*M41 + 0.12*AJ41 + 0.08*BF41) * (1 - BR41) -> 0.03213 | BT41: 0 | BU41: 0 | BV41: 49.35 | BW41: 0.059 | BX41: =D41 * ( BP41*0.4 + L41*0.25 + W41*0.15 + AX41*0.1 + BF41*0.1 ) * 100 -> 38 | BY41: =E:E*(BQ:BQ*0.35+AT:AT*0.3+AV:AV*0.15+AN:AN*0.1+AO:AO*0.1)*100 -> 0 | BZ41: =ROUND(IF(N(F41)=1, MAX(0, ( (N(BN41)/18)*0.6 + (N(BF41)/10)*0.25 + N(AX41)*0.15 ) * 100 ), 0 ),3) -> 0 | CA41: =ROUND(G:G*(BO:BO*0.45+AZ:AZ*0.3+BB:BB*0.15+BF:BF*0.1)*100,3) -> 30.3 | CB41: =BX:BX+BY:BY+BZ:BZ + CA:CA -> 68.3 | CC41: =ROUND(0.7 + (BR:BR* 0.2) + (BS:BS * 0.1),3) -> 0.861 | CD41: =ROUND(CB:CB* CC:CC, 2) -> 58.81 | CE41: =ROUND( 1 - ( (D:D * 0.25) + (E:E* 0.2) + (F:F* 0.15) + (G:G* 0.1) ) * AQ:AQ, 3 ) -> 0.79 | CF41: =ROUND( CD:CD* CE:CE, 2 ) -> 46.46 | CG41: =RANK(CF41,CF:CF) -> 37
A42: 662973 | B42: Tim David | C42: Batsman | D42: 1 | E42: 0 | F42: 0 | G42: 0 | H42: 26 | I42: 27 | J42: =ROUND((K42 - MIN($K$2:$K$98)) / (MAX($K$2:$K$98) - MIN($K$2:$K$98)), 1) -> 0.3 | K42: 472 | L42: 0.1 | M42: 0 | N42: Finisher | O42: 3 | P42: England | Q42: 0 | R42: 30 | S42: 45 | T42: 27.76 | U42: =ROUND((T42 - MIN(T$2:T$98)) / (MAX(T$2:T$98) - MIN(T$2:T$98)), 1) -> 0.5 | V42: 158.39 | W42: =ROUND((V42 - MIN(V$2:V$98)) / (MAX(V$2:V$98) - MIN(V$2:V$98)), 1) -> 0.7 | X42: 26 | Y42: 30 | Z42: 0 | AA42: 0 | AB42: 23.75 | AC42: =IF(AB42>AD42, 3,IF(AB42<AD42, 1, 2)) -> 3 | AD42: 1.5 | AE42: 0.6 | AF42: 0.015 | AG42: 7 | AH42: 0.284 | AI42: 60 | AJ42: =ROUND((AI42 - MIN(AI$2:AI$98)) / (MAX(AI$2:AI$98) - MIN(AI$2:AI$98)), 1) -> 0.7 | AK42: 0 | AL42: 0 | AM42: 0 | AN42: 0 | AO42: =ROUND((AP42 - MIN($AP$2:$AP2056)) / (MAX($AP$2:$AP2056) - MIN($AP$2:$AP2056)), 1) -> 0 | AP42: 0 | AQ42: =ROUND((AR42 - MIN($AR$2:$AR2090)) / (MAX($AR$2:$AR2090) - MIN($AR$2:$AR2090)), 1) -> 0.3 | AR42: 3.5 | AS42: 0 | AT42: 0 | AU42: 0 | AV42: 0 | AW42: 28 | AX42: 0.3 | AY42: 0 | AZ42: =(AP42 - MIN($AP$2:$AP$964)) / (MAX($AP$2:$AP$964) - MIN($AP$2:$AP$964)) -> 0 | BA42: 0 | BB42: 0 | BC42: 0 | BD42: 0 | BE42: 7 | BF42: =ROUND((BE42 - MIN(BE$2:BE$174)) / (MAX(BE$2:BE$174) - MIN(BE$2:BE$174)), 1) -> 0.3 | BG42: =IF(AND(K42>=800,V42>=145),3,IF(K42>=400,1,2)) -> 1 | BH42: 7 | BI42: =ROUND((BH42 - MIN(BH$2:BH$174)) / (MAX(BH$2:BH$174) - MIN(BH$2:BH$174)), 1) -> 0.3 | BJ42: 6 | BK42: 0.57 | BL42: 7 | BM42: 0.33 | BN42: 0 | BO42: 0 | BP42: =ROUND((0.35 * L42) + (0.25 * W42) + (0.15 * U42) + (0.15 * BF42) + (0.1 * AJ42), 1) -> 0.4 | BQ42: 0 | BR42: 0 | BS42: =(0.45*L42 + 0.35*M42 + 0.12*AJ42 + 0.08*BF42) * (1 - BR42) -> 0.153 | BT42: 0 | BU42: 0 | BV42: 43.75 | BW42: 0.053 | BX42: =D42 * ( BP42*0.4 + L42*0.25 + W42*0.15 + AX42*0.1 + BF42*0.1 ) * 100 -> 35 | BY42: =E:E*(BQ:BQ*0.35+AT:AT*0.3+AV:AV*0.15+AN:AN*0.1+AO:AO*0.1)*100 -> 0 | BZ42: =ROUND(IF(N(F42)=1, MAX(0, ( (N(BN42)/18)*0.6 + (N(BF42)/10)*0.25 + N(AX42)*0.15 ) * 100 ), 0 ),3) -> 0 | CA42: =ROUND(G:G*(BO:BO*0.45+AZ:AZ*0.3+BB:BB*0.15+BF:BF*0.1)*100,3) -> 0 | CB42: =BX:BX+BY:BY+BZ:BZ + CA:CA -> 35 | CC42: =ROUND(0.7 + (BR:BR* 0.2) + (BS:BS * 0.1),3) -> 0.715 | CD42: =ROUND(CB:CB* CC:CC, 2) -> 25.03 | CE42: =ROUND( 1 - ( (D:D * 0.25) + (E:E* 0.2) + (F:F* 0.15) + (G:G* 0.1) ) * AQ:AQ, 3 ) -> 0.925 | CF42: =ROUND( CD:CD* CE:CE, 2 ) -> 23.15 | CG42: =RANK(CF42,CF:CF) -> 138
A43: 554691 | B43: Prithvi Shaw | C43: Batsman | D43: 1 | E43: 0 | F43: 0 | G43: 0 | H43: 16 | I43: 26 | J43: =ROUND((K43 - MIN($K$2:$K$98)) / (MAX($K$2:$K$98) - MIN($K$2:$K$98)), 1) -> 0.2 | K43: 304 | L43: 0.1 | M43: 0 | N43: Opener | O43: 3 | P43: India | Q43: 0 | R43: 28 | S43: 66 | T43: 19 | U43: =ROUND((T43 - MIN(T$2:T$98)) / (MAX(T$2:T$98) - MIN(T$2:T$98)), 1) -> 0.3 | V43: 147.57 | W43: =ROUND((V43 - MIN(V$2:V$98)) / (MAX(V$2:V$98) - MIN(V$2:V$98)), 1) -> 0.6 | X43: 46 | Y43: 6 | Z43: 0 | AA43: 2 | AB43: 18 | AC43: =IF(AB43>AD43, 3,IF(AB43<AD43, 1, 2)) -> 3 | AD43: 0.5 | AE43: 0.6 | AF43: 0.015 | AG43: 6.5 | AH43: 0.2 | AI43: 65 | AJ43: =ROUND((AI43 - MIN(AI$2:AI$98)) / (MAX(AI$2:AI$98) - MIN(AI$2:AI$98)), 1) -> 0.8 | AK43: 0 | AL43: 0 | AM43: 0 | AN43: 0 | AO43: =ROUND((AP43 - MIN($AP$2:$AP2057)) / (MAX($AP$2:$AP2057) - MIN($AP$2:$AP2057)), 1) -> 0 | AP43: 0 | AQ43: =ROUND((AR43 - MIN($AR$2:$AR2091)) / (MAX($AR$2:$AR2091) - MIN($AR$2:$AR2091)), 1) -> 0.3 | AR43: 3.5 | AS43: 0 | AT43: 0 | AU43: 0 | AV43: 0 | AW43: 25 | AX43: 0.3 | AY43: 0 | AZ43: =(AP43 - MIN($AP$2:$AP$964)) / (MAX($AP$2:$AP$964) - MIN($AP$2:$AP$964)) -> 0 | BA43: 0 | BB43: 0 | BC43: 0 | BD43: 0 | BE43: 6.5 | BF43: =ROUND((BE43 - MIN(BE$2:BE$174)) / (MAX(BE$2:BE$174) - MIN(BE$2:BE$174)), 1) -> 0.1 | BG43: =IF(AND(K43>=800,V43>=145),3,IF(K43>=400,1,2)) -> 2 | BH43: 6 | BI43: =ROUND((BH43 - MIN(BH$2:BH$174)) / (MAX(BH$2:BH$174) - MIN(BH$2:BH$174)), 1) -> 0 | BJ43: 7 | BK43: 0.71 | BL43: 6 | BM43: 0 | BN43: 0 | BO43: 0 | BP43: =ROUND((0.35 * L43) + (0.25 * W43) + (0.15 * U43) + (0.15 * BF43) + (0.1 * AJ43), 1) -> 0.3 | BQ43: 0 | BR43: 0 | BS43: =(0.45*L43 + 0.35*M43 + 0.12*AJ43 + 0.08*BF43) * (1 - BR43) -> 0.149 | BT43: 0 | BU43: 0 | BV43: 49.85 | BW43: 0.059 | BX43: =D43 * ( BP43*0.4 + L43*0.25 + W43*0.15 + AX43*0.1 + BF43*0.1 ) * 100 -> 27.5 | BY43: =E:E*(BQ:BQ*0.35+AT:AT*0.3+AV:AV*0.15+AN:AN*0.1+AO:AO*0.1)*100 -> 0 | BZ43: =ROUND(IF(N(F43)=1, MAX(0, ( (N(BN43)/18)*0.6 + (N(BF43)/10)*0.25 + N(AX43)*0.15 ) * 100 ), 0 ),3) -> 0 | CA43: =ROUND(G:G*(BO:BO*0.45+AZ:AZ*0.3+BB:BB*0.15+BF:BF*0.1)*100,3) -> 0 | CB43: =BX:BX+BY:BY+BZ:BZ + CA:CA -> 27.5 | CC43: =ROUND(0.7 + (BR:BR* 0.2) + (BS:BS * 0.1),3) -> 0.715 | CD43: =ROUND(CB:CB* CC:CC, 2) -> 19.66 | CE43: =ROUND( 1 - ( (D:D * 0.25) + (E:E* 0.2) + (F:F* 0.15) + (G:G* 0.1) ) * AQ:AQ, 3 ) -> 0.925 | CF43: =ROUND( CD:CD* CE:CE, 2 ) -> 18.19 | CG43: =RANK(CF43,CF:CF) -> 165
A44: 642519 | B44: Shahrukh Khan | C44: Batsman | D44: 1 | E44: 0 | F44: 0 | G44: 0 | H44: 20 | I44: 16 | J44: =ROUND((K44 - MIN($K$2:$K$98)) / (MAX($K$2:$K$98) - MIN($K$2:$K$98)), 1) -> 0.2 | K44: 283 | L44: 0.1 | M44: 0 | N44: Finisher | O44: 1 | P44: New Zealand | Q44: 1 | R44: 24 | S44: 58 | T44: 20.21 | U44: =ROUND((T44 - MIN(T$2:T$98)) / (MAX(T$2:T$98) - MIN(T$2:T$98)), 1) -> 0.4 | V44: 167.46 | W44: =ROUND((V44 - MIN(V$2:V$98)) / (MAX(V$2:V$98) - MIN(V$2:V$98)), 1) -> 0.7 | X44: 22 | Y44: 18 | Z44: 0 | AA44: 1 | AB44: 18 | AC44: =IF(AB44>AD44, 3,IF(AB44<AD44, 1, 2)) -> 3 | AD44: 0.3 | AE44: 0.6 | AF44: 0.015 | AG44: 6.5 | AH44: 0.385 | AI44: 45 | AJ44: =ROUND((AI44 - MIN(AI$2:AI$98)) / (MAX(AI$2:AI$98) - MIN(AI$2:AI$98)), 1) -> 0.5 | AK44: 0 | AL44: 0 | AM44: 0 | AN44: 0 | AO44: =ROUND((AP44 - MIN($AP$2:$AP2058)) / (MAX($AP$2:$AP2058) - MIN($AP$2:$AP2058)), 1) -> 0 | AP44: 0 | AQ44: =ROUND((AR44 - MIN($AR$2:$AR2092)) / (MAX($AR$2:$AR2092) - MIN($AR$2:$AR2092)), 1) -> 0.1 | AR44: 2.5 | AS44: 0 | AT44: 0 | AU44: 0 | AV44: 0 | AW44: 22 | AX44: 0.2 | AY44: 0 | AZ44: =(AP44 - MIN($AP$2:$AP$964)) / (MAX($AP$2:$AP$964) - MIN($AP$2:$AP$964)) -> 0 | BA44: 0 | BB44: 0 | BC44: 0 | BD44: 0 | BE44: 7 | BF44: =ROUND((BE44 - MIN(BE$2:BE$174)) / (MAX(BE$2:BE$174) - MIN(BE$2:BE$174)), 1) -> 0.3 | BG44: =IF(AND(K44>=800,V44>=145),3,IF(K44>=400,1,2)) -> 2 | BH44: 7 | BI44: =ROUND((BH44 - MIN(BH$2:BH$174)) / (MAX(BH$2:BH$174) - MIN(BH$2:BH$174)), 1) -> 0.3 | BJ44: 6 | BK44: 0.57 | BL44: 7 | BM44: 0.33 | BN44: 0 | BO44: 0 | BP44: =ROUND((0.35 * L44) + (0.25 * W44) + (0.15 * U44) + (0.15 * BF44) + (0.1 * AJ44), 1) -> 0.4 | BQ44: 0 | BR44: 0 | BS44: =(0.45*L44 + 0.35*M44 + 0.12*AJ44 + 0.08*BF44) * (1 - BR44) -> 0.129 | BT44: 0 | BU44: 0 | BV44: 42.25 | BW44: 0.051 | BX44: =D44 * ( BP44*0.4 + L44*0.25 + W44*0.15 + AX44*0.1 + BF44*0.1 ) * 100 -> 34 | BY44: =E:E*(BQ:BQ*0.35+AT:AT*0.3+AV:AV*0.15+AN:AN*0.1+AO:AO*0.1)*100 -> 0 | BZ44: =ROUND(IF(N(F44)=1, MAX(0, ( (N(BN44)/18)*0.6 + (N(BF44)/10)*0.25 + N(AX44)*0.15 ) * 100 ), 0 ),3) -> 0 | CA44: =ROUND(G:G*(BO:BO*0.45+AZ:AZ*0.3+BB:BB*0.15+BF:BF*0.1)*100,3) -> 0 | CB44: =BX:BX+BY:BY+BZ:BZ + CA:CA -> 34 | CC44: =ROUND(0.7 + (BR:BR* 0.2) + (BS:BS * 0.1),3) -> 0.713 | CD44: =ROUND(CB:CB* CC:CC, 2) -> 24.24 | CE44: =ROUND( 1 - ( (D:D * 0.25) + (E:E* 0.2) + (F:F* 0.15) + (G:G* 0.1) ) * AQ:AQ, 3 ) -> 0.975 | CF44: =ROUND( CD:CD* CE:CE, 2 ) -> 23.63 | CG44: =RANK(CF44,CF:CF) -> 135
A45: 30045 | B45: Daryl Mitchell | C45: Batsman | D45: 1 | E45: 0 | F45: 0 | G45: 0 | H45: 13 | I45: 20 | J45: =ROUND((K45 - MIN($K$2:$K$98)) / (MAX($K$2:$K$98) - MIN($K$2:$K$98)), 1) -> 0.2 | K45: 318 | L45: 0.1 | M45: 0 | N45: Middle | O45: 3 | P45: India | Q45: 0 | R45: 28 | S45: 63 | T45: 28.91 | U45: =ROUND((T45 - MIN(T$2:T$98)) / (MAX(T$2:T$98) - MIN(T$2:T$98)), 1) -> 0.5 | V45: 142.6 | W45: =ROUND((V45 - MIN(V$2:V$98)) / (MAX(V$2:V$98) - MIN(V$2:V$98)), 1) -> 0.6 | X45: 27 | Y45: 10 | Z45: 0 | AA45: 2 | AB45: 18 | AC45: =IF(AB45>AD45, 3,IF(AB45<AD45, 1, 2)) -> 3 | AD45: 1 | AE45: 0.7 | AF45: 0.0175 | AG45: 7 | AH45: 0.292 | AI45: 55 | AJ45: =ROUND((AI45 - MIN(AI$2:AI$98)) / (MAX(AI$2:AI$98) - MIN(AI$2:AI$98)), 1) -> 0.6 | AK45: 0 | AL45: 0 | AM45: 0 | AN45: 0 | AO45: =ROUND((AP45 - MIN($AP$2:$AP2059)) / (MAX($AP$2:$AP2059) - MIN($AP$2:$AP2059)), 1) -> 0 | AP45: 0 | AQ45: =ROUND((AR45 - MIN($AR$2:$AR2093)) / (MAX($AR$2:$AR2093) - MIN($AR$2:$AR2093)), 1) -> 0.3 | AR45: 3.5 | AS45: 0 | AT45: 0 | AU45: 0 | AV45: 0 | AW45: 25 | AX45: 0.3 | AY45: 0 | AZ45: =(AP45 - MIN($AP$2:$AP$964)) / (MAX($AP$2:$AP$964) - MIN($AP$2:$AP$964)) -> 0 | BA45: 0 | BB45: 0 | BC45: 0 | BD45: 0 | BE45: 6.5 | BF45: =ROUND((BE45 - MIN(BE$2:BE$174)) / (MAX(BE$2:BE$174) - MIN(BE$2:BE$174)), 1) -> 0.1 | BG45: =IF(AND(K45>=800,V45>=145),3,IF(K45>=400,1,2)) -> 2 | BH45: 7 | BI45: =ROUND((BH45 - MIN(BH$2:BH$174)) / (MAX(BH$2:BH$174) - MIN(BH$2:BH$174)), 1) -> 0.3 | BJ45: 6 | BK45: 0.57 | BL45: 6 | BM45: 0 | BN45: 0 | BO45: 0 | BP45: =ROUND((0.35 * L45) + (0.25 * W45) + (0.15 * U45) + (0.15 * BF45) + (0.1 * AJ45), 1) -> 0.3 | BQ45: 0 | BR45: 0 | BS45: =(0.45*L45 + 0.35*M45 + 0.12*AJ45 + 0.08*BF45) * (1 - BR45) -> 0.125 | BT45: 0 | BU45: 0 | BV45: 47.15 | BW45: 0.056 | BX45: =D45 * ( BP45*0.4 + L45*0.25 + W45*0.15 + AX45*0.1 + BF45*0.1 ) * 100 -> 27.5 | BY45: =E:E*(BQ:BQ*0.35+AT:AT*0.3+AV:AV*0.15+AN:AN*0.1+AO:AO*0.1)*100 -> 0 | BZ45: =ROUND(IF(N(F45)=1, MAX(0, ( (N(BN45)/18)*0.6 + (N(BF45)/10)*0.25 + N(AX45)*0.15 ) * 100 ), 0 ),3) -> 0 | CA45: =ROUND(G:G*(BO:BO*0.45+AZ:AZ*0.3+BB:BB*0.15+BF:BF*0.1)*100,3) -> 0 | CB45: =BX:BX+BY:BY+BZ:BZ + CA:CA -> 27.5 | CC45: =ROUND(0.7 + (BR:BR* 0.2) + (BS:BS * 0.1),3) -> 0.713 | CD45: =ROUND(CB:CB* CC:CC, 2) -> 19.61 | CE45: =ROUND( 1 - ( (D:D * 0.25) + (E:E* 0.2) + (F:F* 0.15) + (G:G* 0.1) ) * AQ:AQ, 3 ) -> 0.925 | CF45: =ROUND( CD:CD* CE:CE, 2 ) -> 18.14 | CG45: =RANK(CF45,CF:CF) -> 168
A46: 892829 | B46: Mayank Agarwal | C46: Batsman | D46: 1 | E46: 0 | F46: 0 | G46: 0 | H46: 14 | I46: 13 | J46: =ROUND((K46 - MIN($K$2:$K$98)) / (MAX($K$2:$K$98) - MIN($K$2:$K$98)), 1) -> 0.2 | K46: 334 | L46: 0.1 | M46: 0 | N46: Opener | O46: 2 | P46: India | Q46: 0 | R46: 32 | S46: 83 | T46: 23.86 | U46: =ROUND((T46 - MIN(T$2:T$98)) / (MAX(T$2:T$98) - MIN(T$2:T$98)), 1) -> 0.4 | V46: 125.09 | W46: =ROUND((V46 - MIN(V$2:V$98)) / (MAX(V$2:V$98) - MIN(V$2:V$98)), 1) -> 0.5 | X46: 37 | Y46: 7 | Z46: 0 | AA46: 1 | AB46: 14 | AC46: =IF(AB46>AD46, 3,IF(AB46<AD46, 1, 2)) -> 3 | AD46: 1.5 | AE46: 0.6 | AF46: 0.015 | AG46: 6.5 | AH46: 0.429 | AI46: 65 | AJ46: =ROUND((AI46 - MIN(AI$2:AI$98)) / (MAX(AI$2:AI$98) - MIN(AI$2:AI$98)), 1) -> 0.8 | AK46: 0 | AL46: 0 | AM46: 0 | AN46: 0 | AO46: =ROUND((AP46 - MIN($AP$2:$AP2060)) / (MAX($AP$2:$AP2060) - MIN($AP$2:$AP2060)), 1) -> 0 | AP46: 0 | AQ46: =ROUND((AR46 - MIN($AR$2:$AR2094)) / (MAX($AR$2:$AR2094) - MIN($AR$2:$AR2094)), 1) -> 0.5 | AR46: 5 | AS46: 0 | AT46: 0 | AU46: 0 | AV46: 0 | AW46: 27 | AX46: 0.3 | AY46: 0 | AZ46: =(AP46 - MIN($AP$2:$AP$964)) / (MAX($AP$2:$AP$964) - MIN($AP$2:$AP$964)) -> 0 | BA46: 0 | BB46: 0 | BC46: 0 | BD46: 0 | BE46: 6.5 | BF46: =ROUND((BE46 - MIN(BE$2:BE$174)) / (MAX(BE$2:BE$174) - MIN(BE$2:BE$174)), 1) -> 0.1 | BG46: =IF(AND(K46>=800,V46>=145),3,IF(K46>=400,1,2)) -> 2 | BH46: 8 | BI46: =ROUND((BH46 - MIN(BH$2:BH$174)) / (MAX(BH$2:BH$174) - MIN(BH$2:BH$174)), 1) -> 0.7 | BJ46: 9 | BK46: 1 | BL46: 6 | BM46: 0 | BN46: 0 | BO46: 0 | BP46: =ROUND((0.35 * L46) + (0.25 * W46) + (0.15 * U46) + (0.15 * BF46) + (0.1 * AJ46), 1) -> 0.3 | BQ46: 0 | BR46: 0 | BS46: =(0.45*L46 + 0.35*M46 + 0.12*AJ46 + 0.08*BF46) * (1 - BR46) -> 0.149 | BT46: 0 | BU46: 0 | BV46: 71.3 | BW46: 0.082 | BX46: =D46 * ( BP46*0.4 + L46*0.25 + W46*0.15 + AX46*0.1 + BF46*0.1 ) * 100 -> 26 | BY46: =E:E*(BQ:BQ*0.35+AT:AT*0.3+AV:AV*0.15+AN:AN*0.1+AO:AO*0.1)*100 -> 0 | BZ46: =ROUND(IF(N(F46)=1, MAX(0, ( (N(BN46)/18)*0.6 + (N(BF46)/10)*0.25 + N(AX46)*0.15 ) * 100 ), 0 ),3) -> 0 | CA46: =ROUND(G:G*(BO:BO*0.45+AZ:AZ*0.3+BB:BB*0.15+BF:BF*0.1)*100,3) -> 0 | CB46: =BX:BX+BY:BY+BZ:BZ + CA:CA -> 26 | CC46: =ROUND(0.7 + (BR:BR* 0.2) + (BS:BS * 0.1),3) -> 0.715 | CD46: =ROUND(CB:CB* CC:CC, 2) -> 18.59 | CE46: =ROUND( 1 - ( (D:D * 0.25) + (E:E* 0.2) + (F:F* 0.15) + (G:G* 0.1) ) * AQ:AQ, 3 ) -> 0.875 | CF46: =ROUND( CD:CD* CE:CE, 2 ) -> 16.27 | CG46: =RANK(CF46,CF:CF) -> 174
A47: 1000859 | B47: Jason Roy | C47: Batsman | D47: 1 | E47: 0 | F47: 0 | G47: 0 | H47: 8 | I47: 14 | J47: =ROUND((K47 - MIN($K$2:$K$98)) / (MAX($K$2:$K$98) - MIN($K$2:$K$98)), 1) -> 0.2 | K47: 285 | L47: 0.1 | M47: 0 | N47: Opener | O47: 1 | P47: India | Q47: 0 | R47: 33 | S47: 61 | T47: 35.63 | U47: =ROUND((T47 - MIN(T$2:T$98)) / (MAX(T$2:T$98) - MIN(T$2:T$98)), 1) -> 0.6 | V47: 151.6 | W47: =ROUND((V47 - MIN(V$2:V$98)) / (MAX(V$2:V$98) - MIN(V$2:V$98)), 1) -> 0.6 | X47: 36 | Y47: 12 | Z47: 0 | AA47: 2 | AB47: 12.5 | AC47: =IF(AB47>AD47, 3,IF(AB47<AD47, 1, 2)) -> 3 | AD47: 0 | AE47: 0.7 | AF47: 0.0175 | AG47: 7 | AH47: 0.013 | AI47: 60 | AJ47: =ROUND((AI47 - MIN(AI$2:AI$98)) / (MAX(AI$2:AI$98) - MIN(AI$2:AI$98)), 1) -> 0.7 | AK47: 0 | AL47: 0 | AM47: 0 | AN47: 0 | AO47: =ROUND((AP47 - MIN($AP$2:$AP2061)) / (MAX($AP$2:$AP2061) - MIN($AP$2:$AP2061)), 1) -> 0 | AP47: 0 | AQ47: =ROUND((AR47 - MIN($AR$2:$AR2095)) / (MAX($AR$2:$AR2095) - MIN($AR$2:$AR2095)), 1) -> 0.5 | AR47: 5 | AS47: 0 | AT47: 0 | AU47: 0 | AV47: 0 | AW47: 24 | AX47: 0.2 | AY47: 0 | AZ47: =(AP47 - MIN($AP$2:$AP$964)) / (MAX($AP$2:$AP$964) - MIN($AP$2:$AP$964)) -> 0 | BA47: 0 | BB47: 0 | BC47: 0 | BD47: 0 | BE47: 7 | BF47: =ROUND((BE47 - MIN(BE$2:BE$174)) / (MAX(BE$2:BE$174) - MIN(BE$2:BE$174)), 1) -> 0.3 | BG47: =IF(AND(K47>=800,V47>=145),3,IF(K47>=400,1,2)) -> 2 | BH47: 7 | BI47: =ROUND((BH47 - MIN(BH$2:BH$174)) / (MAX(BH$2:BH$174) - MIN(BH$2:BH$174)), 1) -> 0.3 | BJ47: 5 | BK47: 0.43 | BL47: 7 | BM47: 0.33 | BN47: 0 | BO47: 0 | BP47: =ROUND((0.35 * L47) + (0.25 * W47) + (0.15 * U47) + (0.15 * BF47) + (0.1 * AJ47), 1) -> 0.4 | BQ47: 0 | BR47: 0 | BS47: =(0.45*L47 + 0.35*M47 + 0.12*AJ47 + 0.08*BF47) * (1 - BR47) -> 0.153 | BT47: 0 | BU47: 0 | BV47: 35.55 | BW47: 0.044 | BX47: =D47 * ( BP47*0.4 + L47*0.25 + W47*0.15 + AX47*0.1 + BF47*0.1 ) * 100 -> 32.5 | BY47: =E:E*(BQ:BQ*0.35+AT:AT*0.3+AV:AV*0.15+AN:AN*0.1+AO:AO*0.1)*100 -> 0 | BZ47: =ROUND(IF(N(F47)=1, MAX(0, ( (N(BN47)/18)*0.6 + (N(BF47)/10)*0.25 + N(AX47)*0.15 ) * 100 ), 0 ),3) -> 0 | CA47: =ROUND(G:G*(BO:BO*0.45+AZ:AZ*0.3+BB:BB*0.15+BF:BF*0.1)*100,3) -> 0 | CB47: =BX:BX+BY:BY+BZ:BZ + CA:CA -> 32.5 | CC47: =ROUND(0.7 + (BR:BR* 0.2) + (BS:BS * 0.1),3) -> 0.715 | CD47: =ROUND(CB:CB* CC:CC, 2) -> 23.24 | CE47: =ROUND( 1 - ( (D:D * 0.25) + (E:E* 0.2) + (F:F* 0.15) + (G:G* 0.1) ) * AQ:AQ, 3 ) -> 0.875 | CF47: =ROUND( CD:CD* CE:CE, 2 ) -> 20.34 | CG47: =RANK(CF47,CF:CF) -> 153
A48: 1249232 | B48: Devon Conway | C48: Batsman | D48: 1 | E48: 0 | F48: 0 | G48: 0 | H48: 15 | I48: 10 | J48: =ROUND((K48 - MIN($K$2:$K$98)) / (MAX($K$2:$K$98) - MIN($K$2:$K$98)), 1) -> 0.5 | K48: 672 | L48: 0.1 | M48: 0 | N48: Opener | O48: 1 | P48: India | Q48: 0 | R48: 32 | S48: 92 | T48: 51.69 | U48: =ROUND((T48 - MIN(T$2:T$98)) / (MAX(T$2:T$98) - MIN(T$2:T$98)), 1) -> 0.9 | V48: 139.71 | W48: =ROUND((V48 - MIN(V$2:V$98)) / (MAX(V$2:V$98) - MIN(V$2:V$98)), 1) -> 0.6 | X48: 77 | Y48: 18 | Z48: 0 | AA48: 6 | AB48: 12.5 | AC48: =IF(AB48>AD48, 3,IF(AB48<AD48, 1, 2)) -> 3 | AD48: 0 | AE48: 0.7 | AF48: 0.0175 | AG48: 7.5 | AH48: 0.222 | AI48: 75 | AJ48: =ROUND((AI48 - MIN(AI$2:AI$98)) / (MAX(AI$2:AI$98) - MIN(AI$2:AI$98)), 1) -> 0.9 | AK48: 0 | AL48: 0 | AM48: 0 | AN48: 0 | AO48: =ROUND((AP48 - MIN($AP$2:$AP2062)) / (MAX($AP$2:$AP2062) - MIN($AP$2:$AP2062)), 1) -> 0 | AP48: 0 | AQ48: =ROUND((AR48 - MIN($AR$2:$AR2096)) / (MAX($AR$2:$AR2096) - MIN($AR$2:$AR2096)), 1) -> 0.3 | AR48: 3.5 | AS48: 0 | AT48: 0 | AU48: 0 | AV48: 0 | AW48: 32 | AX48: 0.3 | AY48: 0 | AZ48: =(AP48 - MIN($AP$2:$AP$964)) / (MAX($AP$2:$AP$964) - MIN($AP$2:$AP$964)) -> 0 | BA48: 0 | BB48: 0 | BC48: 0 | BD48: 0 | BE48: 6.5 | BF48: =ROUND((BE48 - MIN(BE$2:BE$174)) / (MAX(BE$2:BE$174) - MIN(BE$2:BE$174)), 1) -> 0.1 | BG48: =IF(AND(K48>=800,V48>=145),3,IF(K48>=400,1,2)) -> 1 | BH48: 6 | BI48: =ROUND((BH48 - MIN(BH$2:BH$174)) / (MAX(BH$2:BH$174) - MIN(BH$2:BH$174)), 1) -> 0 | BJ48: 6 | BK48: 0.57 | BL48: 6 | BM48: 0 | BN48: 0 | BO48: 0 | BP48: =ROUND((0.35 * L48) + (0.25 * W48) + (0.15 * U48) + (0.15 * BF48) + (0.1 * AJ48), 1) -> 0.4 | BQ48: 0 | BR48: 0 | BS48: =(0.45*L48 + 0.35*M48 + 0.12*AJ48 + 0.08*BF48) * (1 - BR48) -> 0.161 | BT48: 0 | BU48: 0 | BV48: 43.15 | BW48: 0.052 | BX48: =D48 * ( BP48*0.4 + L48*0.25 + W48*0.15 + AX48*0.1 + BF48*0.1 ) * 100 -> 31.5 | BY48: =E:E*(BQ:BQ*0.35+AT:AT*0.3+AV:AV*0.15+AN:AN*0.1+AO:AO*0.1)*100 -> 0 | BZ48: =ROUND(IF(N(F48)=1, MAX(0, ( (N(BN48)/18)*0.6 + (N(BF48)/10)*0.25 + N(AX48)*0.15 ) * 100 ), 0 ),3) -> 0 | CA48: =ROUND(G:G*(BO:BO*0.45+AZ:AZ*0.3+BB:BB*0.15+BF:BF*0.1)*100,3) -> 0 | CB48: =BX:BX+BY:BY+BZ:BZ + CA:CA -> 31.5 | CC48: =ROUND(0.7 + (BR:BR* 0.2) + (BS:BS * 0.1),3) -> 0.716 | CD48: =ROUND(CB:CB* CC:CC, 2) -> 22.55 | CE48: =ROUND( 1 - ( (D:D * 0.25) + (E:E* 0.2) + (F:F* 0.15) + (G:G* 0.1) ) * AQ:AQ, 3 ) -> 0.925 | CF48: =ROUND( CD:CD* CE:CE, 2 ) -> 20.86 | CG48: =RANK(CF48,CF:CF) -> 150
A49: 381743 | B49: Abishek Porel | C49: Batsman | D49: 1 | E49: 0 | F49: 0 | G49: 0 | H49: 16 | I49: 9 | J49: =ROUND((K49 - MIN($K$2:$K$98)) / (MAX($K$2:$K$98) - MIN($K$2:$K$98)), 1) -> 0.3 | K49: 360 | L49: 0.1 | M49: 0 | N49: Middle | O49: 1 | P49: Afghanistan | Q49: 1 | R49: 21 | S49: 65 | T49: 25.71 | U49: =ROUND((T49 - MIN(T$2:T$98)) / (MAX(T$2:T$98) - MIN(T$2:T$98)), 1) -> 0.5 | V49: 152.54 | W49: =ROUND((V49 - MIN(V$2:V$98)) / (MAX(V$2:V$98) - MIN(V$2:V$98)), 1) -> 0.6 | X49: 37 | Y49: 15 | Z49: 0 | AA49: 2 | AB49: 12.5 | AC49: =IF(AB49>AD49, 3,IF(AB49<AD49, 1, 2)) -> 3 | AD49: 0 | AE49: 0.6 | AF49: 0.015 | AG49: 7 | AH49: 0.05 | AI49: 40 | AJ49: =ROUND((AI49 - MIN(AI$2:AI$98)) / (MAX(AI$2:AI$98) - MIN(AI$2:AI$98)), 1) -> 0.4 | AK49: 0 | AL49: 0 | AM49: 0 | AN49: 0 | AO49: =ROUND((AP49 - MIN($AP$2:$AP2063)) / (MAX($AP$2:$AP2063) - MIN($AP$2:$AP2063)), 1) -> 0 | AP49: 0 | AQ49: =ROUND((AR49 - MIN($AR$2:$AR2097)) / (MAX($AR$2:$AR2097) - MIN($AR$2:$AR2097)), 1) -> 0.1 | AR49: 2.5 | AS49: 0 | AT49: 0 | AU49: 0 | AV49: 0 | AW49: 34 | AX49: 0.3 | AY49: 0 | AZ49: =(AP49 - MIN($AP$2:$AP$964)) / (MAX($AP$2:$AP$964) - MIN($AP$2:$AP$964)) -> 0 | BA49: 0 | BB49: 0 | BC49: 0 | BD49: 0 | BE49: 7 | BF49: =ROUND((BE49 - MIN(BE$2:BE$174)) / (MAX(BE$2:BE$174) - MIN(BE$2:BE$174)), 1) -> 0.3 | BG49: =IF(AND(K49>=800,V49>=145),3,IF(K49>=400,1,2)) -> 2 | BH49: 6 | BI49: =ROUND((BH49 - MIN(BH$2:BH$174)) / (MAX(BH$2:BH$174) - MIN(BH$2:BH$174)), 1) -> 0 | BJ49: 6 | BK49: 0.57 | BL49: 6 | BM49: 0 | BN49: 0 | BO49: 0 | BP49: =ROUND((0.35 * L49) + (0.25 * W49) + (0.15 * U49) + (0.15 * BF49) + (0.1 * AJ49), 1) -> 0.3 | BQ49: 0 | BR49: 0 | BS49: =(0.45*L49 + 0.35*M49 + 0.12*AJ49 + 0.08*BF49) * (1 - BR49) -> 0.117 | BT49: 0 | BU49: 0 | BV49: 44.75 | BW49: 0.054 | BX49: =D49 * ( BP49*0.4 + L49*0.25 + W49*0.15 + AX49*0.1 + BF49*0.1 ) * 100 -> 29.5 | BY49: =E:E*(BQ:BQ*0.35+AT:AT*0.3+AV:AV*0.15+AN:AN*0.1+AO:AO*0.1)*100 -> 0 | BZ49: =ROUND(IF(N(F49)=1, MAX(0, ( (N(BN49)/18)*0.6 + (N(BF49)/10)*0.25 + N(AX49)*0.15 ) * 100 ), 0 ),3) -> 0 | CA49: =ROUND(G:G*(BO:BO*0.45+AZ:AZ*0.3+BB:BB*0.15+BF:BF*0.1)*100,3) -> 0 | CB49: =BX:BX+BY:BY+BZ:BZ + CA:CA -> 29.5 | CC49: =ROUND(0.7 + (BR:BR* 0.2) + (BS:BS * 0.1),3) -> 0.712 | CD49: =ROUND(CB:CB* CC:CC, 2) -> 21 | CE49: =ROUND( 1 - ( (D:D * 0.25) + (E:E* 0.2) + (F:F* 0.15) + (G:G* 0.1) ) * AQ:AQ, 3 ) -> 0.975 | CF49: =ROUND( CD:CD* CE:CE, 2 ) -> 20.48 | CG49: =RANK(CF49,CF:CF) -> 151
A50: 398438 | B50: Rinku Singh | C50: Batsman | D50: 1 | E50: 0 | F50: 0 | G50: 0 | H50: 25 | I50: 17 | J50: =ROUND((K50 - MIN($K$2:$K$98)) / (MAX($K$2:$K$98) - MIN($K$2:$K$98)), 1) -> 0.5 | K50: 642 | L50: 0.1 | M50: 0 | N50: Finisher | O50: 1 | P50: Australia | Q50: 1 | R50: 26 | S50: 67 | T50: 37.76 | U50: =ROUND((T50 - MIN(T$2:T$98)) / (MAX(T$2:T$98) - MIN(T$2:T$98)), 1) -> 0.7 | V50: 149.3 | W50: =ROUND((V50 - MIN(V$2:V$98)) / (MAX(V$2:V$98) - MIN(V$2:V$98)), 1) -> 0.6 | X50: 44 | Y50: 37 | Z50: 0 | AA50: 4 | AB50: 11 | AC50: =IF(AB50>AD50, 3,IF(AB50<AD50, 1, 2)) -> 3 | AD50: 0 | AE50: 0.7 | AF50: 0.0175 | AG50: 9 | AH50: 0.26 | AI50: 35 | AJ50: =ROUND((AI50 - MIN(AI$2:AI$98)) / (MAX(AI$2:AI$98) - MIN(AI$2:AI$98)), 1) -> 0.4 | AK50: 0 | AL50: 0 | AM50: 0 | AN50: 0 | AO50: =ROUND((AP50 - MIN($AP$2:$AP2064)) / (MAX($AP$2:$AP2064) - MIN($AP$2:$AP2064)), 1) -> 0 | AP50: 0 | AQ50: =ROUND((AR50 - MIN($AR$2:$AR2098)) / (MAX($AR$2:$AR2098) - MIN($AR$2:$AR2098)), 1) -> 0.1 | AR50: 2.5 | AS50: 0 | AT50: 0 | AU50: 0 | AV50: 0 | AW50: 20 | AX50: 0.2 | AY50: 0 | AZ50: =(AP50 - MIN($AP$2:$AP$964)) / (MAX($AP$2:$AP$964) - MIN($AP$2:$AP$964)) -> 0 | BA50: 0 | BB50: 0 | BC50: 0 | BD50: 0 | BE50: 8.5 | BF50: =ROUND((BE50 - MIN(BE$2:BE$174)) / (MAX(BE$2:BE$174) - MIN(BE$2:BE$174)), 1) -> 0.6 | BG50: =IF(AND(K50>=800,V50>=145),3,IF(K50>=400,1,2)) -> 1 | BH50: 7 | BI50: =ROUND((BH50 - MIN(BH$2:BH$174)) / (MAX(BH$2:BH$174) - MIN(BH$2:BH$174)), 1) -> 0.3 | BJ50: 7 | BK50: 0.71 | BL50: 7 | BM50: 0.33 | BN50: 0 | BO50: 0 | BP50: =ROUND((0.35 * L50) + (0.25 * W50) + (0.15 * U50) + (0.15 * BF50) + (0.1 * AJ50), 1) -> 0.4 | BQ50: 0 | BR50: 0 | BS50: =(0.45*L50 + 0.35*M50 + 0.12*AJ50 + 0.08*BF50) * (1 - BR50) -> 0.141 | BT50: 0 | BU50: 0 | BV50: 51.35 | BW50: 0.061 | BX50: =D50 * ( BP50*0.4 + L50*0.25 + W50*0.15 + AX50*0.1 + BF50*0.1 ) * 100 -> 35.5 | BY50: =E:E*(BQ:BQ*0.35+AT:AT*0.3+AV:AV*0.15+AN:AN*0.1+AO:AO*0.1)*100 -> 0 | BZ50: =ROUND(IF(N(F50)=1, MAX(0, ( (N(BN50)/18)*0.6 + (N(BF50)/10)*0.25 + N(AX50)*0.15 ) * 100 ), 0 ),3) -> 0 | CA50: =ROUND(G:G*(BO:BO*0.45+AZ:AZ*0.3+BB:BB*0.15+BF:BF*0.1)*100,3) -> 0 | CB50: =BX:BX+BY:BY+BZ:BZ + CA:CA -> 35.5 | CC50: =ROUND(0.7 + (BR:BR* 0.2) + (BS:BS * 0.1),3) -> 0.714 | CD50: =ROUND(CB:CB* CC:CC, 2) -> 25.35 | CE50: =ROUND( 1 - ( (D:D * 0.25) + (E:E* 0.2) + (F:F* 0.15) + (G:G* 0.1) ) * AQ:AQ, 3 ) -> 0.975 | CF50: =ROUND( CD:CD* CE:CE, 2 ) -> 24.72 | CG50: =RANK(CF50,CF:CF) -> 128
A51: 298438 | B51: Shimron Hetmyer | C51: Batsman | D51: 1 | E51: 0 | F51: 0 | G51: 0 | H51: 24 | I51: 20 | J51: =ROUND((K51 - MIN($K$2:$K$98)) / (MAX($K$2:$K$98) - MIN($K$2:$K$98)), 1) -> 0.3 | K51: 425 | L51: 0.1 | M51: 0 | N51: Finisher | O51: 2 | P51: India | Q51: 0 | R51: 26 | S51: 56 | T51: 30.36 | U51: =ROUND((T51 - MIN(T$2:T$98)) / (MAX(T$2:T$98) - MIN(T$2:T$98)), 1) -> 0.5 | V51: 151.25 | W51: =ROUND((V51 - MIN(V$2:V$98)) / (MAX(V$2:V$98) - MIN(V$2:V$98)), 1) -> 0.6 | X51: 23 | Y51: 30 | Z51: 0 | AA51: 1 | AB51: 0 | AC51: =IF(AB51>AD51, 3,IF(AB51<AD51, 1, 2)) -> 2 | AD51: 0 | AE51: 0.7 | AF51: 0.0175 | AG51: 7.5 | AH51: 0.243 | AI51: 60 | AJ51: =ROUND((AI51 - MIN(AI$2:AI$98)) / (MAX(AI$2:AI$98) - MIN(AI$2:AI$98)), 1) -> 0.7 | AK51: 0 | AL51: 24 | AM51: 0 | AN51: 0 | AO51: =ROUND((AP51 - MIN($AP$2:$AP2065)) / (MAX($AP$2:$AP2065) - MIN($AP$2:$AP2065)), 1) -> 0 | AP51: 0 | AQ51: =ROUND((AR51 - MIN($AR$2:$AR2099)) / (MAX($AR$2:$AR2099) - MIN($AR$2:$AR2099)), 1) -> 0.3 | AR51: 3.5 | AS51: 0 | AT51: 0 | AU51: 0 | AV51: 0 | AW51: 29 | AX51: 0.3 | AY51: 0 | AZ51: =(AP51 - MIN($AP$2:$AP$964)) / (MAX($AP$2:$AP$964) - MIN($AP$2:$AP$964)) -> 0 | BA51: 0 | BB51: 0 | BC51: 0 | BD51: 0 | BE51: 6.5 | BF51: =ROUND((BE51 - MIN(BE$2:BE$174)) / (MAX(BE$2:BE$174) - MIN(BE$2:BE$174)), 1) -> 0.1 | BG51: =IF(AND(K51>=800,V51>=145),3,IF(K51>=400,1,2)) -> 1 | BH51: 7 | BI51: =ROUND((BH51 - MIN(BH$2:BH$174)) / (MAX(BH$2:BH$174) - MIN(BH$2:BH$174)), 1) -> 0.3 | BJ51: 6 | BK51: 0.57 | BL51: 8 | BM51: 0.67 | BN51: 0 | BO51: 0 | BP51: =ROUND((0.35 * L51) + (0.25 * W51) + (0.15 * U51) + (0.15 * BF51) + (0.1 * AJ51), 1) -> 0.3 | BQ51: 0 | BR51: 0 | BS51: =(0.45*L51 + 0.35*M51 + 0.12*AJ51 + 0.08*BF51) * (1 - BR51) -> 0.137 | BT51: 0 | BU51: 0 | BV51: 37.15 | BW51: 0.045 | BX51: =D51 * ( BP51*0.4 + L51*0.25 + W51*0.15 + AX51*0.1 + BF51*0.1 ) * 100 -> 27.5 | BY51: =E:E*(BQ:BQ*0.35+AT:AT*0.3+AV:AV*0.15+AN:AN*0.1+AO:AO*0.1)*100 -> 0 | BZ51: =ROUND(IF(N(F51)=1, MAX(0, ( (N(BN51)/18)*0.6 + (N(BF51)/10)*0.25 + N(AX51)*0.15 ) * 100 ), 0 ),3) -> 0 | CA51: =ROUND(G:G*(BO:BO*0.45+AZ:AZ*0.3+BB:BB*0.15+BF:BF*0.1)*100,3) -> 0 | CB51: =BX:BX+BY:BY+BZ:BZ + CA:CA -> 27.5 | CC51: =ROUND(0.7 + (BR:BR* 0.2) + (BS:BS * 0.1),3) -> 0.714 | CD51: =ROUND(CB:CB* CC:CC, 2) -> 19.64 | CE51: =ROUND( 1 - ( (D:D * 0.25) + (E:E* 0.2) + (F:F* 0.15) + (G:G* 0.1) ) * AQ:AQ, 3 ) -> 0.925 | CF51: =ROUND( CD:CD* CE:CE, 2 ) -> 18.17 | CG51: =RANK(CF51,CF:CF) -> 167
A52: 379140 | B52: Vijay Shankar | C52: Batsman | D52: 1 | E52: 0 | F52: 0 | G52: 0 | H52: 17 | I52: 12 | J52: =ROUND((K52 - MIN($K$2:$K$98)) / (MAX($K$2:$K$98) - MIN($K$2:$K$98)), 1) -> 0.3 | K52: 384 | L52: 0.1 | M52: 0 | N52: Middle | O52: 3 | P52: India | Q52: 0 | R52: 32 | S52: 63 | T52: 29.54 | U52: =ROUND((T52 - MIN(T$2:T$98)) / (MAX(T$2:T$98) - MIN(T$2:T$98)), 1) -> 0.5 | V52: 147.69 | W52: =ROUND((V52 - MIN(V$2:V$98)) / (MAX(V$2:V$98) - MIN(V$2:V$98)), 1) -> 0.6 | X52: 34 | Y52: 17 | Z52: 0 | AA52: 3 | AB52: 0 | AC52: =IF(AB52>AD52, 3,IF(AB52<AD52, 1, 2)) -> 2 | AD52: 0 | AE52: 0.7 | AF52: 0.0175 | AG52: 7.5 | AH52: 0.109 | AI52: 50 | AJ52: =ROUND((AI52 - MIN(AI$2:AI$98)) / (MAX(AI$2:AI$98) - MIN(AI$2:AI$98)), 1) -> 0.6 | AK52: 0 | AL52: 36 | AM52: 0 | AN52: 0 | AO52: =ROUND((AP52 - MIN($AP$2:$AP2066)) / (MAX($AP$2:$AP2066) - MIN($AP$2:$AP2066)), 1) -> 0 | AP52: 0 | AQ52: =ROUND((AR52 - MIN($AR$2:$AR2100)) / (MAX($AR$2:$AR2100) - MIN($AR$2:$AR2100)), 1) -> 0.4 | AR52: 4.5 | AS52: 0 | AT52: 0 | AU52: 0 | AV52: 0 | AW52: 18 | AX52: 0.2 | AY52: 0 | AZ52: =(AP52 - MIN($AP$2:$AP$964)) / (MAX($AP$2:$AP$964) - MIN($AP$2:$AP$964)) -> 0 | BA52: 0 | BB52: 0 | BC52: 0 | BD52: 0 | BE52: 7 | BF52: =ROUND((BE52 - MIN(BE$2:BE$174)) / (MAX(BE$2:BE$174) - MIN(BE$2:BE$174)), 1) -> 0.3 | BG52: =IF(AND(K52>=800,V52>=145),3,IF(K52>=400,1,2)) -> 2 | BH52: 7 | BI52: =ROUND((BH52 - MIN(BH$2:BH$174)) / (MAX(BH$2:BH$174) - MIN(BH$2:BH$174)), 1) -> 0.3 | BJ52: 8 | BK52: 0.86 | BL52: 8 | BM52: 0.67 | BN52: 0 | BO52: 0 | BP52: =ROUND((0.35 * L52) + (0.25 * W52) + (0.15 * U52) + (0.15 * BF52) + (0.1 * AJ52), 1) -> 0.4 | BQ52: 0 | BR52: 0 | BS52: =(0.45*L52 + 0.35*M52 + 0.12*AJ52 + 0.08*BF52) * (1 - BR52) -> 0.141 | BT52: 0 | BU52: 0 | BV52: 50.7 | BW52: 0.06 | BX52: =D52 * ( BP52*0.4 + L52*0.25 + W52*0.15 + AX52*0.1 + BF52*0.1 ) * 100 -> 32.5 | BY52: =E:E*(BQ:BQ*0.35+AT:AT*0.3+AV:AV*0.15+AN:AN*0.1+AO:AO*0.1)*100 -> 0 | BZ52: =ROUND(IF(N(F52)=1, MAX(0, ( (N(BN52)/18)*0.6 + (N(BF52)/10)*0.25 + N(AX52)*0.15 ) * 100 ), 0 ),3) -> 0 | CA52: =ROUND(G:G*(BO:BO*0.45+AZ:AZ*0.3+BB:BB*0.15+BF:BF*0.1)*100,3) -> 0 | CB52: =BX:BX+BY:BY+BZ:BZ + CA:CA -> 32.5 | CC52: =ROUND(0.7 + (BR:BR* 0.2) + (BS:BS * 0.1),3) -> 0.714 | CD52: =ROUND(CB:CB* CC:CC, 2) -> 23.21 | CE52: =ROUND( 1 - ( (D:D * 0.25) + (E:E* 0.2) + (F:F* 0.15) + (G:G* 0.1) ) * AQ:AQ, 3 ) -> 0.9 | CF52: =ROUND( CD:CD* CE:CE, 2 ) -> 20.89 | CG52: =RANK(CF52,CF:CF) -> 149
A53: 1249244 | B53: Rahul Tewatia | C53: Batsman | D53: 1 | E53: 0 | F53: 0 | G53: 0 | H53: 19 | I53: 10 | J53: =ROUND((K53 - MIN($K$2:$K$98)) / (MAX($K$2:$K$98) - MIN($K$2:$K$98)), 1) -> 0.2 | K53: 275 | L53: 0.1 | M53: 0 | N53: Finisher | O53: 3 | P53: India | Q53: 0 | R53: 30 | S53: 36 | T53: 25 | U53: =ROUND((T53 - MIN(T$2:T$98)) / (MAX(T$2:T$98) - MIN(T$2:T$98)), 1) -> 0.5 | V53: 147.85 | W53: =ROUND((V53 - MIN(V$2:V$98)) / (MAX(V$2:V$98) - MIN(V$2:V$98)), 1) -> 0.6 | X53: 27 | Y53: 12 | Z53: 0 | AA53: 0 | AB53: 0 | AC53: =IF(AB53>AD53, 3,IF(AB53<AD53, 1, 2)) -> 2 | AD53: 0 | AE53: 0.7 | AF53: 0.0175 | AG53: 6.5 | AH53: 0.5 | AI53: 55 | AJ53: =ROUND((AI53 - MIN(AI$2:AI$98)) / (MAX(AI$2:AI$98) - MIN(AI$2:AI$98)), 1) -> 0.6 | AK53: 0 | AL53: 32 | AM53: 0 | AN53: 0 | AO53: =ROUND((AP53 - MIN($AP$2:$AP2067)) / (MAX($AP$2:$AP2067) - MIN($AP$2:$AP2067)), 1) -> 0 | AP53: 0 | AQ53: =ROUND((AR53 - MIN($AR$2:$AR2101)) / (MAX($AR$2:$AR2101) - MIN($AR$2:$AR2101)), 1) -> 0.3 | AR53: 4 | AS53: 0 | AT53: 0 | AU53: 0 | AV53: 0 | AW53: 22 | AX53: 0.2 | AY53: 0 | AZ53: =(AP53 - MIN($AP$2:$AP$964)) / (MAX($AP$2:$AP$964) - MIN($AP$2:$AP$964)) -> 0 | BA53: 0 | BB53: 0 | BC53: 0 | BD53: 0 | BE53: 7 | BF53: =ROUND((BE53 - MIN(BE$2:BE$174)) / (MAX(BE$2:BE$174) - MIN(BE$2:BE$174)), 1) -> 0.3 | BG53: =IF(AND(K53>=800,V53>=145),3,IF(K53>=400,1,2)) -> 2 | BH53: 7 | BI53: =ROUND((BH53 - MIN(BH$2:BH$174)) / (MAX(BH$2:BH$174) - MIN(BH$2:BH$174)), 1) -> 0.3 | BJ53: 7 | BK53: 0.71 | BL53: 7 | BM53: 0.33 | BN53: 0 | BO53: 0 | BP53: =ROUND((0.35 * L53) + (0.25 * W53) + (0.15 * U53) + (0.15 * BF53) + (0.1 * AJ53), 1) -> 0.4 | BQ53: 0 | BR53: 0 | BS53: =(0.45*L53 + 0.35*M53 + 0.12*AJ53 + 0.08*BF53) * (1 - BR53) -> 0.141 | BT53: 0 | BU53: 0 | BV53: 48.95 | BW53: 0.058 | BX53: =D53 * ( BP53*0.4 + L53*0.25 + W53*0.15 + AX53*0.1 + BF53*0.1 ) * 100 -> 32.5 | BY53: =E:E*(BQ:BQ*0.35+AT:AT*0.3+AV:AV*0.15+AN:AN*0.1+AO:AO*0.1)*100 -> 0 | BZ53: =ROUND(IF(N(F53)=1, MAX(0, ( (N(BN53)/18)*0.6 + (N(BF53)/10)*0.25 + N(AX53)*0.15 ) * 100 ), 0 ),3) -> 0 | CA53: =ROUND(G:G*(BO:BO*0.45+AZ:AZ*0.3+BB:BB*0.15+BF:BF*0.1)*100,3) -> 0 | CB53: =BX:BX+BY:BY+BZ:BZ + CA:CA -> 32.5 | CC53: =ROUND(0.7 + (BR:BR* 0.2) + (BS:BS * 0.1),3) -> 0.714 | CD53: =ROUND(CB:CB* CC:CC, 2) -> 23.21 | CE53: =ROUND( 1 - ( (D:D * 0.25) + (E:E* 0.2) + (F:F* 0.15) + (G:G* 0.1) ) * AQ:AQ, 3 ) -> 0.925 | CF53: =ROUND( CD:CD* CE:CE, 2 ) -> 21.47 | CG53: =RANK(CF53,CF:CF) -> 148
A54: 625371 | B54: Jitesh Sharma | C54: Batsman | D54: 1 | E54: 0 | F54: 0 | G54: 1 | H54: 26 | I54: 9 | J54: =ROUND((K54 - MIN($K$2:$K$98)) / (MAX($K$2:$K$98) - MIN($K$2:$K$98)), 1) -> 0.4 | K54: 496 | L54: 0.1 | M54: 0 | N54: Finisher | O54: 2 | P54: England | Q54: 1 | R54: 29 | S54: 49 | T54: 20.67 | U54: =ROUND((T54 - MIN(T$2:T$98)) / (MAX(T$2:T$98) - MIN(T$2:T$98)), 1) -> 0.4 | V54: 145.88 | W54: =ROUND((V54 - MIN(V$2:V$98)) / (MAX(V$2:V$98) - MIN(V$2:V$98)), 1) -> 0.6 | X54: 31 | Y54: 33 | Z54: 0 | AA54: 0 | AB54: 0 | AC54: =IF(AB54>AD54, 3,IF(AB54<AD54, 1, 2)) -> 2 | AD54: 0 | AE54: 0.7 | AF54: 0.0175 | AG54: 7 | AH54: 0.24 | AI54: 60 | AJ54: =ROUND((AI54 - MIN(AI$2:AI$98)) / (MAX(AI$2:AI$98) - MIN(AI$2:AI$98)), 1) -> 0.7 | AK54: 0 | AL54: 30 | AM54: 0 | AN54: 0 | AO54: =ROUND((AP54 - MIN($AP$2:$AP2068)) / (MAX($AP$2:$AP2068) - MIN($AP$2:$AP2068)), 1) -> 0 | AP54: 0 | AQ54: =ROUND((AR54 - MIN($AR$2:$AR2102)) / (MAX($AR$2:$AR2102) - MIN($AR$2:$AR2102)), 1) -> 0.1 | AR54: 2.5 | AS54: 0 | AT54: 0 | AU54: 0 | AV54: 0 | AW54: 24 | AX54: 0.2 | AY54: 12 | AZ54: 0.75 | BA54: 0 | BB54: 0 | BC54: 0 | BD54: 0 | BE54: 7 | BF54: =ROUND((BE54 - MIN(BE$2:BE$174)) / (MAX(BE$2:BE$174) - MIN(BE$2:BE$174)), 1) -> 0.3 | BG54: =IF(AND(K54>=800,V54>=145),3,IF(K54>=400,1,2)) -> 1 | BH54: 8 | BI54: =ROUND((BH54 - MIN(BH$2:BH$174)) / (MAX(BH$2:BH$174) - MIN(BH$2:BH$174)), 1) -> 0.7 | BJ54: 6 | BK54: 0.57 | BL54: 7 | BM54: 0.33 | BN54: 0 | BO54: 0.7 | BP54: =ROUND((0.35 * L54) + (0.25 * W54) + (0.15 * U54) + (0.15 * BF54) + (0.1 * AJ54), 1) -> 0.4 | BQ54: 0 | BR54: 0 | BS54: =(0.45*L54 + 0.35*M54 + 0.12*AJ54 + 0.08*BF54) * (1 - BR54) -> 0.153 | BT54: 0 | BU54: 0 | BV54: 46.25 | BW54: 0.055 | BX54: =D54 * ( BP54*0.4 + L54*0.25 + W54*0.15 + AX54*0.1 + BF54*0.1 ) * 100 -> 32.5 | BY54: =E:E*(BQ:BQ*0.35+AT:AT*0.3+AV:AV*0.15+AN:AN*0.1+AO:AO*0.1)*100 -> 0 | BZ54: =ROUND(IF(N(F54)=1, MAX(0, ( (N(BN54)/18)*0.6 + (N(BF54)/10)*0.25 + N(AX54)*0.15 ) * 100 ), 0 ),3) -> 0 | CA54: =ROUND(G:G*(BO:BO*0.45+AZ:AZ*0.3+BB:BB*0.15+BF:BF*0.1)*100,3) -> 57 | CB54: =BX:BX+BY:BY+BZ:BZ + CA:CA -> 89.5 | CC54: =ROUND(0.7 + (BR:BR* 0.2) + (BS:BS * 0.1),3) -> 0.715 | CD54: =ROUND(CB:CB* CC:CC, 2) -> 63.99 | CE54: =ROUND( 1 - ( (D:D * 0.25) + (E:E* 0.2) + (F:F* 0.15) + (G:G* 0.1) ) * AQ:AQ, 3 ) -> 0.965 | CF54: =ROUND( CD:CD* CE:CE, 2 ) -> 61.75 | CG54: =RANK(CF54,CF:CF) -> 19
A55: 793463 | B55: MS Dhoni | C55: Batsman | D55: 1 | E55: 0 | F55: 0 | G55: 1 | H55: 23 | I55: 13 | J55: =ROUND((K55 - MIN($K$2:$K$98)) / (MAX($K$2:$K$98) - MIN($K$2:$K$98)), 1) -> 0.2 | K55: 265 | L55: 0.1 | M55: 0 | N55: Finisher | O55: 3 | P55: India | Q55: 0 | R55: 42 | S55: 37 | T55: 37.86 | U55: =ROUND((T55 - MIN(T$2:T$98)) / (MAX(T$2:T$98) - MIN(T$2:T$98)), 1) -> 0.7 | V55: 203.85 | W55: =ROUND((V55 - MIN(V$2:V$98)) / (MAX(V$2:V$98) - MIN(V$2:V$98)), 1) -> 0.9 | X55: 17 | Y55: 23 | Z55: 0 | AA55: 0 | AB55: 0 | AC55: =IF(AB55>AD55, 3,IF(AB55<AD55, 1, 2)) -> 2 | AD55: 0 | AE55: 0.6 | AF55: 0.015 | AG55: 7 | AH55: 0.01 | AI55: 65 | AJ55: =ROUND((AI55 - MIN(AI$2:AI$98)) / (MAX(AI$2:AI$98) - MIN(AI$2:AI$98)), 1) -> 0.8 | AK55: 0 | AL55: 0 | AM55: 0 | AN55: 0 | AO55: =ROUND((AP55 - MIN($AP$2:$AP2069)) / (MAX($AP$2:$AP2069) - MIN($AP$2:$AP2069)), 1) -> 0 | AP55: 0 | AQ55: =ROUND((AR55 - MIN($AR$2:$AR2103)) / (MAX($AR$2:$AR2103) - MIN($AR$2:$AR2103)), 1) -> 1 | AR55: 8 | AS55: 0 | AT55: 0 | AU55: 0 | AV55: 0 | AW55: 54 | AX55: 0.5 | AY55: 10 | AZ55: 0.6 | BA55: 0 | BB55: 0 | BC55: 0 | BD55: 0 | BE55: 6.5 | BF55: =ROUND((BE55 - MIN(BE$2:BE$174)) / (MAX(BE$2:BE$174) - MIN(BE$2:BE$174)), 1) -> 0.1 | BG55: =IF(AND(K55>=800,V55>=145),3,IF(K55>=400,1,2)) -> 2 | BH55: 7 | BI55: =ROUND((BH55 - MIN(BH$2:BH$174)) / (MAX(BH$2:BH$174) - MIN(BH$2:BH$174)), 1) -> 0.3 | BJ55: 6 | BK55: 0.57 | BL55: 7 | BM55: 0.33 | BN55: 0 | BO55: 0.6 | BP55: =ROUND((0.35 * L55) + (0.25 * W55) + (0.15 * U55) + (0.15 * BF55) + (0.1 * AJ55), 1) -> 0.5 | BQ55: 0 | BR55: 0.62 | BS55: =(0.45*L55 + 0.35*M55 + 0.12*AJ55 + 0.08*BF55) * (1 - BR55) -> 0.05662 | BT55: 0 | BU55: 0 | BV55: 45.15 | BW55: 0.054 | BX55: =D55 * ( BP55*0.4 + L55*0.25 + W55*0.15 + AX55*0.1 + BF55*0.1 ) * 100 -> 42 | BY55: =E:E*(BQ:BQ*0.35+AT:AT*0.3+AV:AV*0.15+AN:AN*0.1+AO:AO*0.1)*100 -> 0 | BZ55: =ROUND(IF(N(F55)=1, MAX(0, ( (N(BN55)/18)*0.6 + (N(BF55)/10)*0.25 + N(AX55)*0.15 ) * 100 ), 0 ),3) -> 0 | CA55: =ROUND(G:G*(BO:BO*0.45+AZ:AZ*0.3+BB:BB*0.15+BF:BF*0.1)*100,3) -> 46 | CB55: =BX:BX+BY:BY+BZ:BZ + CA:CA -> 88 | CC55: =ROUND(0.7 + (BR:BR* 0.2) + (BS:BS * 0.1),3) -> 0.83 | CD55: =ROUND(CB:CB* CC:CC, 2) -> 73.04 | CE55: =ROUND( 1 - ( (D:D * 0.25) + (E:E* 0.2) + (F:F* 0.15) + (G:G* 0.1) ) * AQ:AQ, 3 ) -> 0.65 | CF55: =ROUND( CD:CD* CE:CE, 2 ) -> 47.48 | CG55: =RANK(CF55,CF:CF) -> 33
A56: 1109460 | B56: Will Jacks | C56: Batsman | D56: 1 | E56: 0 | F56: 0 | G56: 0 | H56: 8 | I56: 20 | J56: =ROUND((K56 - MIN($K$2:$K$98)) / (MAX($K$2:$K$98) - MIN($K$2:$K$98)), 1) -> 0.2 | K56: 230 | L56: 0.1 | M56: 0 | N56: Middle | O56: 3 | P56: India | Q56: 0 | R56: 25 | S56: 100 | T56: 32.86 | U56: =ROUND((T56 - MIN(T$2:T$98)) / (MAX(T$2:T$98) - MIN(T$2:T$98)), 1) -> 0.6 | V56: 175.57 | W56: =ROUND((V56 - MIN(V$2:V$98)) / (MAX(V$2:V$98) - MIN(V$2:V$98)), 1) -> 0.7 | X56: 16 | Y56: 18 | Z56: 1 | AA56: 1 | AB56: 0 | AC56: =IF(AB56>AD56, 3,IF(AB56<AD56, 1, 2)) -> 2 | AD56: 0 | AE56: 0.6 | AF56: 0.015 | AG56: 6.5 | AH56: 0.5 | AI56: 45 | AJ56: =ROUND((AI56 - MIN(AI$2:AI$98)) / (MAX(AI$2:AI$98) - MIN(AI$2:AI$98)), 1) -> 0.5 | AK56: 0 | AL56: 0 | AM56: 0 | AN56: 0 | AO56: =ROUND((AP56 - MIN($AP$2:$AP2070)) / (MAX($AP$2:$AP2070) - MIN($AP$2:$AP2070)), 1) -> 0 | AP56: 0 | AQ56: =ROUND((AR56 - MIN($AR$2:$AR2104)) / (MAX($AR$2:$AR2104) - MIN($AR$2:$AR2104)), 1) -> 0.2 | AR56: 3 | AS56: 0 | AT56: 0 | AU56: 0 | AV56: 0 | AW56: 32 | AX56: 0.3 | AY56: 0 | AZ56: =(AP56 - MIN($AP$2:$AP$964)) / (MAX($AP$2:$AP$964) - MIN($AP$2:$AP$964)) -> 0 | BA56: 0 | BB56: 0 | BC56: 0 | BD56: 0 | BE56: 6 | BF56: =ROUND((BE56 - MIN(BE$2:BE$174)) / (MAX(BE$2:BE$174) - MIN(BE$2:BE$174)), 1) -> 0 | BG56: =IF(AND(K56>=800,V56>=145),3,IF(K56>=400,1,2)) -> 2 | BH56: 6 | BI56: =ROUND((BH56 - MIN(BH$2:BH$174)) / (MAX(BH$2:BH$174) - MIN(BH$2:BH$174)), 1) -> 0 | BJ56: 7 | BK56: 0.71 | BL56: 7 | BM56: 0.33 | BN56: 0 | BO56: 0 | BP56: =ROUND((0.35 * L56) + (0.25 * W56) + (0.15 * U56) + (0.15 * BF56) + (0.1 * AJ56), 1) -> 0.4 | BQ56: 0 | BR56: 0 | BS56: =(0.45*L56 + 0.35*M56 + 0.12*AJ56 + 0.08*BF56) * (1 - BR56) -> 0.105 | BT56: 0 | BU56: 0 | BV56: 44.05 | BW56: 0.053 | BX56: =D56 * ( BP56*0.4 + L56*0.25 + W56*0.15 + AX56*0.1 + BF56*0.1 ) * 100 -> 32 | BY56: =E:E*(BQ:BQ*0.35+AT:AT*0.3+AV:AV*0.15+AN:AN*0.1+AO:AO*0.1)*100 -> 0 | BZ56: =ROUND(IF(N(F56)=1, MAX(0, ( (N(BN56)/18)*0.6 + (N(BF56)/10)*0.25 + N(AX56)*0.15 ) * 100 ), 0 ),3) -> 0 | CA56: =ROUND(G:G*(BO:BO*0.45+AZ:AZ*0.3+BB:BB*0.15+BF:BF*0.1)*100,3) -> 0 | CB56: =BX:BX+BY:BY+BZ:BZ + CA:CA -> 32 | CC56: =ROUND(0.7 + (BR:BR* 0.2) + (BS:BS * 0.1),3) -> 0.711 | CD56: =ROUND(CB:CB* CC:CC, 2) -> 22.75 | CE56: =ROUND( 1 - ( (D:D * 0.25) + (E:E* 0.2) + (F:F* 0.15) + (G:G* 0.1) ) * AQ:AQ, 3 ) -> 0.95 | CF56: =ROUND( CD:CD* CE:CE, 2 ) -> 21.61 | CG56: =RANK(CF56,CF:CF) -> 147
A57: 276298 | B57: Wriddhiman Saha | C57: Batsman | D57: 1 | E57: 0 | F57: 0 | G57: 1 | H57: 27 | I57: 7 | J57: =ROUND((K57 - MIN($K$2:$K$98)) / (MAX($K$2:$K$98) - MIN($K$2:$K$98)), 1) -> 0.4 | K57: 512 | L57: 0.1 | M57: 0 | N57: Opener | O57: 3 | P57: India | Q57: 0 | R57: 39 | S57: 81 | T57: 19.69 | U57: =ROUND((T57 - MIN(T$2:T$98)) / (MAX(T$2:T$98) - MIN(T$2:T$98)), 1) -> 0.4 | V57: 125.18 | W57: =ROUND((V57 - MIN(V$2:V$98)) / (MAX(V$2:V$98) - MIN(V$2:V$98)), 1) -> 0.5 | X57: 66 | Y57: 11 | Z57: 0 | AA57: 2 | AB57: 0 | AC57: =IF(AB57>AD57, 3,IF(AB57<AD57, 1, 2)) -> 2 | AD57: 0 | AE57: 0.7 | AF57: 0.0175 | AG57: 6 | AH57: 0.074 | AI57: 60 | AJ57: =ROUND((AI57 - MIN(AI$2:AI$98)) / (MAX(AI$2:AI$98) - MIN(AI$2:AI$98)), 1) -> 0.7 | AK57: 0 | AL57: 0 | AM57: 0 | AN57: 0 | AO57: =ROUND((AP57 - MIN($AP$2:$AP2071)) / (MAX($AP$2:$AP2071) - MIN($AP$2:$AP2071)), 1) -> 0 | AP57: 0 | AQ57: =ROUND((AR57 - MIN($AR$2:$AR2105)) / (MAX($AR$2:$AR2105) - MIN($AR$2:$AR2105)), 1) -> 0.7 | AR57: 6 | AS57: 0 | AT57: 0 | AU57: 0 | AV57: 0 | AW57: 23 | AX57: 0.2 | AY57: 6 | AZ57: 0.37 | BA57: 0 | BB57: 0 | BC57: 0 | BD57: 0 | BE57: 6.5 | BF57: =ROUND((BE57 - MIN(BE$2:BE$174)) / (MAX(BE$2:BE$174) - MIN(BE$2:BE$174)), 1) -> 0.1 | BG57: =IF(AND(K57>=800,V57>=145),3,IF(K57>=400,1,2)) -> 1 | BH57: 6 | BI57: =ROUND((BH57 - MIN(BH$2:BH$174)) / (MAX(BH$2:BH$174) - MIN(BH$2:BH$174)), 1) -> 0 | BJ57: 9 | BK57: 1 | BL57: 6 | BM57: 0 | BN57: 0 | BO57: 0.4 | BP57: =ROUND((0.35 * L57) + (0.25 * W57) + (0.15 * U57) + (0.15 * BF57) + (0.1 * AJ57), 1) -> 0.3 | BQ57: 0 | BR57: 0 | BS57: =(0.45*L57 + 0.35*M57 + 0.12*AJ57 + 0.08*BF57) * (1 - BR57) -> 0.137 | BT57: 0 | BU57: 0 | BV57: 61.8 | BW57: 0.072 | BX57: =D57 * ( BP57*0.4 + L57*0.25 + W57*0.15 + AX57*0.1 + BF57*0.1 ) * 100 -> 25 | BY57: =E:E*(BQ:BQ*0.35+AT:AT*0.3+AV:AV*0.15+AN:AN*0.1+AO:AO*0.1)*100 -> 0 | BZ57: =ROUND(IF(N(F57)=1, MAX(0, ( (N(BN57)/18)*0.6 + (N(BF57)/10)*0.25 + N(AX57)*0.15 ) * 100 ), 0 ),3) -> 0 | CA57: =ROUND(G:G*(BO:BO*0.45+AZ:AZ*0.3+BB:BB*0.15+BF:BF*0.1)*100,3) -> 30.1 | CB57: =BX:BX+BY:BY+BZ:BZ + CA:CA -> 55.1 | CC57: =ROUND(0.7 + (BR:BR* 0.2) + (BS:BS * 0.1),3) -> 0.714 | CD57: =ROUND(CB:CB* CC:CC, 2) -> 39.34 | CE57: =ROUND( 1 - ( (D:D * 0.25) + (E:E* 0.2) + (F:F* 0.15) + (G:G* 0.1) ) * AQ:AQ, 3 ) -> 0.755 | CF57: =ROUND( CD:CD* CE:CE, 2 ) -> 29.7 | CG57: =RANK(CF57,CF:CF) -> 104
A58: 272450 | B58: Manish Pandey | C58: Batsman | D58: 1 | E58: 0 | F58: 0 | G58: 0 | H58: 10 | I58: 7 | J58: =ROUND((K58 - MIN($K$2:$K$98)) / (MAX($K$2:$K$98) - MIN($K$2:$K$98)), 1) -> 0.1 | K58: 202 | L58: 0.1 | M58: 0 | N58: Middle | O58: 2 | P58: India | Q58: 0 | R58: 34 | S58: 50 | T58: 20.2 | U58: =ROUND((T58 - MIN(T$2:T$98)) / (MAX(T$2:T$98) - MIN(T$2:T$98)), 1) -> 0.4 | V58: 114.12 | W58: =ROUND((V58 - MIN(V$2:V$98)) / (MAX(V$2:V$98) - MIN(V$2:V$98)), 1) -> 0.5 | X58: 17 | Y58: 5 | Z58: 0 | AA58: 1 | AB58: 0 | AC58: =IF(AB58>AD58, 3,IF(AB58<AD58, 1, 2)) -> 2 | AD58: 0 | AE58: 0.6 | AF58: 0.015 | AG58: 6.5 | AH58: 0.25 | AI58: 60 | AJ58: =ROUND((AI58 - MIN(AI$2:AI$98)) / (MAX(AI$2:AI$98) - MIN(AI$2:AI$98)), 1) -> 0.7 | AK58: 0 | AL58: 0 | AM58: 0 | AN58: 0 | AO58: =ROUND((AP58 - MIN($AP$2:$AP2072)) / (MAX($AP$2:$AP2072) - MIN($AP$2:$AP2072)), 1) -> 0 | AP58: 0 | AQ58: =ROUND((AR58 - MIN($AR$2:$AR2106)) / (MAX($AR$2:$AR2106) - MIN($AR$2:$AR2106)), 1) -> 0.4 | AR58: 4.5 | AS58: 0 | AT58: 0 | AU58: 0 | AV58: 0 | AW58: 26 | AX58: 0.3 | AY58: 0 | AZ58: =(AP58 - MIN($AP$2:$AP$964)) / (MAX($AP$2:$AP$964) - MIN($AP$2:$AP$964)) -> 0 | BA58: 0 | BB58: 0 | BC58: 0 | BD58: 0 | BE58: 6.5 | BF58: =ROUND((BE58 - MIN(BE$2:BE$174)) / (MAX(BE$2:BE$174) - MIN(BE$2:BE$174)), 1) -> 0.1 | BG58: =IF(AND(K58>=800,V58>=145),3,IF(K58>=400,1,2)) -> 2 | BH58: 6 | BI58: =ROUND((BH58 - MIN(BH$2:BH$174)) / (MAX(BH$2:BH$174) - MIN(BH$2:BH$174)), 1) -> 0 | BJ58: 7 | BK58: 0.71 | BL58: 7 | BM58: 0.33 | BN58: 0 | BO58: 0 | BP58: =ROUND((0.35 * L58) + (0.25 * W58) + (0.15 * U58) + (0.15 * BF58) + (0.1 * AJ58), 1) -> 0.3 | BQ58: 0 | BR58: 0 | BS58: =(0.45*L58 + 0.35*M58 + 0.12*AJ58 + 0.08*BF58) * (1 - BR58) -> 0.137 | BT58: 0 | BU58: 0 | BV58: 44.85 | BW58: 0.054 | BX58: =D58 * ( BP58*0.4 + L58*0.25 + W58*0.15 + AX58*0.1 + BF58*0.1 ) * 100 -> 26 | BY58: =E:E*(BQ:BQ*0.35+AT:AT*0.3+AV:AV*0.15+AN:AN*0.1+AO:AO*0.1)*100 -> 0 | BZ58: =ROUND(IF(N(F58)=1, MAX(0, ( (N(BN58)/18)*0.6 + (N(BF58)/10)*0.25 + N(AX58)*0.15 ) * 100 ), 0 ),3) -> 0 | CA58: =ROUND(G:G*(BO:BO*0.45+AZ:AZ*0.3+BB:BB*0.15+BF:BF*0.1)*100,3) -> 0 | CB58: =BX:BX+BY:BY+BZ:BZ + CA:CA -> 26 | CC58: =ROUND(0.7 + (BR:BR* 0.2) + (BS:BS * 0.1),3) -> 0.714 | CD58: =ROUND(CB:CB* CC:CC, 2) -> 18.56 | CE58: =ROUND( 1 - ( (D:D * 0.25) + (E:E* 0.2) + (F:F* 0.15) + (G:G* 0.1) ) * AQ:AQ, 3 ) -> 0.9 | CF58: =ROUND( CD:CD* CE:CE, 2 ) -> 16.7 | CG58: =RANK(CF58,CF:CF) -> 170
A59: 489889 | B59: Atharva Taide | C59: Batsman | D59: 1 | E59: 0 | F59: 0 | G59: 0 | H59: 9 | I59: 8 | J59: =ROUND((K59 - MIN($K$2:$K$98)) / (MAX($K$2:$K$98) - MIN($K$2:$K$98)), 1) -> 0.2 | K59: 247 | L59: 0.1 | M59: 0 | N59: Middle | O59: 1 | P59: South Africa | Q59: 1 | R59: 23 | S59: 66 | T59: 27.44 | U59: =ROUND((T59 - MIN(T$2:T$98)) / (MAX(T$2:T$98) - MIN(T$2:T$98)), 1) -> 0.5 | V59: 147.02 | W59: =ROUND((V59 - MIN(V$2:V$98)) / (MAX(V$2:V$98) - MIN(V$2:V$98)), 1) -> 0.6 | X59: 27 | Y59: 8 | Z59: 0 | AA59: 2 | AB59: 0 | AC59: =IF(AB59>AD59, 3,IF(AB59<AD59, 1, 2)) -> 2 | AD59: 0 | AE59: 0.6 | AF59: 0.015 | AG59: 6.5 | AH59: 0.125 | AI59: 45 | AJ59: =ROUND((AI59 - MIN(AI$2:AI$98)) / (MAX(AI$2:AI$98) - MIN(AI$2:AI$98)), 1) -> 0.5 | AK59: 0 | AL59: 0 | AM59: 0 | AN59: 0 | AO59: =ROUND((AP59 - MIN($AP$2:$AP2073)) / (MAX($AP$2:$AP2073) - MIN($AP$2:$AP2073)), 1) -> 0 | AP59: 0 | AQ59: =ROUND((AR59 - MIN($AR$2:$AR2107)) / (MAX($AR$2:$AR2107) - MIN($AR$2:$AR2107)), 1) -> 0.1 | AR59: 2.5 | AS59: 0 | AT59: 0 | AU59: 0 | AV59: 0 | AW59: 21 | AX59: 0.2 | AY59: 0 | AZ59: =(AP59 - MIN($AP$2:$AP$964)) / (MAX($AP$2:$AP$964) - MIN($AP$2:$AP$964)) -> 0 | BA59: 0 | BB59: 0 | BC59: 0 | BD59: 0 | BE59: 7 | BF59: =ROUND((BE59 - MIN(BE$2:BE$174)) / (MAX(BE$2:BE$174) - MIN(BE$2:BE$174)), 1) -> 0.3 | BG59: =IF(AND(K59>=800,V59>=145),3,IF(K59>=400,1,2)) -> 2 | BH59: 6 | BI59: =ROUND((BH59 - MIN(BH$2:BH$174)) / (MAX(BH$2:BH$174) - MIN(BH$2:BH$174)), 1) -> 0 | BJ59: 6 | BK59: 0.57 | BL59: 6 | BM59: 0 | BN59: 0 | BO59: 0 | BP59: =ROUND((0.35 * L59) + (0.25 * W59) + (0.15 * U59) + (0.15 * BF59) + (0.1 * AJ59), 1) -> 0.4 | BQ59: 0 | BR59: 0 | BS59: =(0.45*L59 + 0.35*M59 + 0.12*AJ59 + 0.08*BF59) * (1 - BR59) -> 0.129 | BT59: 0 | BU59: 0 | BV59: 43.25 | BW59: 0.052 | BX59: =D59 * ( BP59*0.4 + L59*0.25 + W59*0.15 + AX59*0.1 + BF59*0.1 ) * 100 -> 32.5 | BY59: =E:E*(BQ:BQ*0.35+AT:AT*0.3+AV:AV*0.15+AN:AN*0.1+AO:AO*0.1)*100 -> 0 | BZ59: =ROUND(IF(N(F59)=1, MAX(0, ( (N(BN59)/18)*0.6 + (N(BF59)/10)*0.25 + N(AX59)*0.15 ) * 100 ), 0 ),3) -> 0 | CA59: =ROUND(G:G*(BO:BO*0.45+AZ:AZ*0.3+BB:BB*0.15+BF:BF*0.1)*100,3) -> 0 | CB59: =BX:BX+BY:BY+BZ:BZ + CA:CA -> 32.5 | CC59: =ROUND(0.7 + (BR:BR* 0.2) + (BS:BS * 0.1),3) -> 0.713 | CD59: =ROUND(CB:CB* CC:CC, 2) -> 23.17 | CE59: =ROUND( 1 - ( (D:D * 0.25) + (E:E* 0.2) + (F:F* 0.15) + (G:G* 0.1) ) * AQ:AQ, 3 ) -> 0.975 | CF59: =ROUND( CD:CD* CE:CE, 2 ) -> 22.59 | CG59: =RANK(CF59,CF:CF) -> 143
A60: 8917 | B60: Nehal Wadhera | C60: Batsman | D60: 1 | E60: 0 | F60: 0 | G60: 0 | H60: 16 | I60: 9 | J60: =ROUND((K60 - MIN($K$2:$K$98)) / (MAX($K$2:$K$98) - MIN($K$2:$K$98)), 1) -> 0.3 | K60: 350 | L60: 0.1 | M60: 0 | N60: Middle | O60: 2 | P60: India | Q60: 0 | R60: 22 | S60: 64 | T60: 23.33 | U60: =ROUND((T60 - MIN(T$2:T$98)) / (MAX(T$2:T$98) - MIN(T$2:T$98)), 1) -> 0.4 | V60: 140 | W60: =ROUND((V60 - MIN(V$2:V$98)) / (MAX(V$2:V$98) - MIN(V$2:V$98)), 1) -> 0.6 | X60: 32 | Y60: 18 | Z60: 0 | AA60: 2 | AB60: 0 | AC60: =IF(AB60>AD60, 3,IF(AB60<AD60, 1, 2)) -> 2 | AD60: 0 | AE60: 0.6 | AF60: 0.015 | AG60: 7 | AH60: 0.009 | AI60: 45 | AJ60: =ROUND((AI60 - MIN(AI$2:AI$98)) / (MAX(AI$2:AI$98) - MIN(AI$2:AI$98)), 1) -> 0.5 | AK60: 0 | AL60: 0 | AM60: 0 | AN60: 0 | AO60: =ROUND((AP60 - MIN($AP$2:$AP2074)) / (MAX($AP$2:$AP2074) - MIN($AP$2:$AP2074)), 1) -> 0 | AP60: 0 | AQ60: =ROUND((AR60 - MIN($AR$2:$AR2108)) / (MAX($AR$2:$AR2108) - MIN($AR$2:$AR2108)), 1) -> 0 | AR60: 2 | AS60: 0 | AT60: 0 | AU60: 0 | AV60: 0 | AW60: 19 | AX60: 0.2 | AY60: 0 | AZ60: =(AP60 - MIN($AP$2:$AP$964)) / (MAX($AP$2:$AP$964) - MIN($AP$2:$AP$964)) -> 0 | BA60: 0 | BB60: 0 | BC60: 0 | BD60: 0 | BE60: 6.5 | BF60: =ROUND((BE60 - MIN(BE$2:BE$174)) / (MAX(BE$2:BE$174) - MIN(BE$2:BE$174)), 1) -> 0.1 | BG60: =IF(AND(K60>=800,V60>=145),3,IF(K60>=400,1,2)) -> 2 | BH60: 6 | BI60: =ROUND((BH60 - MIN(BH$2:BH$174)) / (MAX(BH$2:BH$174) - MIN(BH$2:BH$174)), 1) -> 0 | BJ60: 7 | BK60: 0.71 | BL60: 6 | BM60: 0 | BN60: 0 | BO60: 0 | BP60: =ROUND((0.35 * L60) + (0.25 * W60) + (0.15 * U60) + (0.15 * BF60) + (0.1 * AJ60), 1) -> 0.3 | BQ60: 0 | BR60: 0 | BS60: =(0.45*L60 + 0.35*M60 + 0.12*AJ60 + 0.08*BF60) * (1 - BR60) -> 0.113 | BT60: 0 | BU60: 0 | BV60: 48.35 | BW60: 0.058 | BX60: =D60 * ( BP60*0.4 + L60*0.25 + W60*0.15 + AX60*0.1 + BF60*0.1 ) * 100 -> 26.5 | BY60: =E:E*(BQ:BQ*0.35+AT:AT*0.3+AV:AV*0.15+AN:AN*0.1+AO:AO*0.1)*100 -> 0 | BZ60: =ROUND(IF(N(F60)=1, MAX(0, ( (N(BN60)/18)*0.6 + (N(BF60)/10)*0.25 + N(AX60)*0.15 ) * 100 ), 0 ),3) -> 0 | CA60: =ROUND(G:G*(BO:BO*0.45+AZ:AZ*0.3+BB:BB*0.15+BF:BF*0.1)*100,3) -> 0 | CB60: =BX:BX+BY:BY+BZ:BZ + CA:CA -> 26.5 | CC60: =ROUND(0.7 + (BR:BR* 0.2) + (BS:BS * 0.1),3) -> 0.711 | CD60: =ROUND(CB:CB* CC:CC, 2) -> 18.84 | CE60: =ROUND( 1 - ( (D:D * 0.25) + (E:E* 0.2) + (F:F* 0.15) + (G:G* 0.1) ) * AQ:AQ, 3 ) -> 1 | CF60: =ROUND( CD:CD* CE:CE, 2 ) -> 18.84 | CG60: =RANK(CF60,CF:CF) -> 162
A61: 670025 | B61: Abdul Samad | C61: Batsman | D61: 1 | E61: 0 | F61: 0 | G61: 0 | H61: 20 | I61: 13 | J61: =ROUND((K61 - MIN($K$2:$K$98)) / (MAX($K$2:$K$98) - MIN($K$2:$K$98)), 1) -> 0.3 | K61: 351 | L61: 0.1 | M61: 0 | N61: Finisher | O61: 2 | P61: India | Q61: 0 | R61: 22 | S61: 37 | T61: 25.07 | U61: =ROUND((T61 - MIN(T$2:T$98)) / (MAX(T$2:T$98) - MIN(T$2:T$98)), 1) -> 0.5 | V61: 148.73 | W61: =ROUND((V61 - MIN(V$2:V$98)) / (MAX(V$2:V$98) - MIN(V$2:V$98)), 1) -> 0.6 | X61: 25 | Y61: 22 | Z61: 0 | AA61: 0 | AB61: 0 | AC61: =IF(AB61>AD61, 3,IF(AB61<AD61, 1, 2)) -> 2 | AD61: 0 | AE61: 0.6 | AF61: 0.015 | AG61: 6.5 | AH61: 0.013 | AI61: 50 | AJ61: =ROUND((AI61 - MIN(AI$2:AI$98)) / (MAX(AI$2:AI$98) - MIN(AI$2:AI$98)), 1) -> 0.6 | AK61: 0 | AL61: 0 | AM61: 0 | AN61: 0 | AO61: =ROUND((AP61 - MIN($AP$2:$AP2075)) / (MAX($AP$2:$AP2075) - MIN($AP$2:$AP2075)), 1) -> 0 | AP61: 0 | AQ61: =ROUND((AR61 - MIN($AR$2:$AR2109)) / (MAX($AR$2:$AR2109) - MIN($AR$2:$AR2109)), 1) -> 0.1 | AR61: 2.5 | AS61: 0 | AT61: 0 | AU61: 0 | AV61: 0 | AW61: 22 | AX61: 0.2 | AY61: 0 | AZ61: =(AP61 - MIN($AP$2:$AP$964)) / (MAX($AP$2:$AP$964) - MIN($AP$2:$AP$964)) -> 0 | BA61: 0 | BB61: 0 | BC61: 0 | BD61: 0 | BE61: 7 | BF61: =ROUND((BE61 - MIN(BE$2:BE$174)) / (MAX(BE$2:BE$174) - MIN(BE$2:BE$174)), 1) -> 0.3 | BG61: =IF(AND(K61>=800,V61>=145),3,IF(K61>=400,1,2)) -> 2 | BH61: 6 | BI61: =ROUND((BH61 - MIN(BH$2:BH$174)) / (MAX(BH$2:BH$174) - MIN(BH$2:BH$174)), 1) -> 0 | BJ61: 6 | BK61: 0.57 | BL61: 6 | BM61: 0 | BN61: 0 | BO61: 0 | BP61: =ROUND((0.35 * L61) + (0.25 * W61) + (0.15 * U61) + (0.15 * BF61) + (0.1 * AJ61), 1) -> 0.4 | BQ61: 0 | BR61: 0 | BS61: =(0.45*L61 + 0.35*M61 + 0.12*AJ61 + 0.08*BF61) * (1 - BR61) -> 0.141 | BT61: 0 | BU61: 0 | BV61: 43.25 | BW61: 0.052 | BX61: =D61 * ( BP61*0.4 + L61*0.25 + W61*0.15 + AX61*0.1 + BF61*0.1 ) * 100 -> 32.5 | BY61: =E:E*(BQ:BQ*0.35+AT:AT*0.3+AV:AV*0.15+AN:AN*0.1+AO:AO*0.1)*100 -> 0 | BZ61: =ROUND(IF(N(F61)=1, MAX(0, ( (N(BN61)/18)*0.6 + (N(BF61)/10)*0.25 + N(AX61)*0.15 ) * 100 ), 0 ),3) -> 0 | CA61: =ROUND(G:G*(BO:BO*0.45+AZ:AZ*0.3+BB:BB*0.15+BF:BF*0.1)*100,3) -> 0 | CB61: =BX:BX+BY:BY+BZ:BZ + CA:CA -> 32.5 | CC61: =ROUND(0.7 + (BR:BR* 0.2) + (BS:BS * 0.1),3) -> 0.714 | CD61: =ROUND(CB:CB* CC:CC, 2) -> 23.21 | CE61: =ROUND( 1 - ( (D:D * 0.25) + (E:E* 0.2) + (F:F* 0.15) + (G:G* 0.1) ) * AQ:AQ, 3 ) -> 0.975 | CF61: =ROUND( CD:CD* CE:CE, 2 ) -> 22.63 | CG61: =RANK(CF61,CF:CF) -> 142
A62: 477021 | B62: Mahipal Lomror | C62: Batsman | D62: 1 | E62: 0 | F62: 0 | G62: 0 | H62: 21 | I62: 15 | J62: =ROUND((K62 - MIN($K$2:$K$98)) / (MAX($K$2:$K$98) - MIN($K$2:$K$98)), 1) -> 0.2 | K62: 268 | L62: 0.1 | M62: 0 | N62: Middle | O62: 2 | P62: India | Q62: 0 | R62: 24 | S62: 54 | T62: 15.76 | U62: =ROUND((T62 - MIN(T$2:T$98)) / (MAX(T$2:T$98) - MIN(T$2:T$98)), 1) -> 0.3 | V62: 153.14 | W62: =ROUND((V62 - MIN(V$2:V$98)) / (MAX(V$2:V$98) - MIN(V$2:V$98)), 1) -> 0.6 | X62: 18 | Y62: 17 | Z62: 0 | AA62: 1 | AB62: 0 | AC62: =IF(AB62>AD62, 3,IF(AB62<AD62, 1, 2)) -> 2 | AD62: 0 | AE62: 0.6 | AF62: 0.015 | AG62: 7 | AH62: 0.008 | AI62: 50 | AJ62: =ROUND((AI62 - MIN(AI$2:AI$98)) / (MAX(AI$2:AI$98) - MIN(AI$2:AI$98)), 1) -> 0.6 | AK62: 0 | AL62: 0 | AM62: 0 | AN62: 0 | AO62: =ROUND((AP62 - MIN($AP$2:$AP2076)) / (MAX($AP$2:$AP2076) - MIN($AP$2:$AP2076)), 1) -> 0 | AP62: 0 | AQ62: =ROUND((AR62 - MIN($AR$2:$AR2110)) / (MAX($AR$2:$AR2110) - MIN($AR$2:$AR2110)), 1) -> 0.1 | AR62: 2.5 | AS62: 0 | AT62: 0 | AU62: 0 | AV62: 0 | AW62: 24 | AX62: 0.2 | AY62: 0 | AZ62: =(AP62 - MIN($AP$2:$AP$964)) / (MAX($AP$2:$AP$964) - MIN($AP$2:$AP$964)) -> 0 | BA62: 0 | BB62: 0 | BC62: 0 | BD62: 0 | BE62: 6.5 | BF62: =ROUND((BE62 - MIN(BE$2:BE$174)) / (MAX(BE$2:BE$174) - MIN(BE$2:BE$174)), 1) -> 0.1 | BG62: =IF(AND(K62>=800,V62>=145),3,IF(K62>=400,1,2)) -> 2 | BH62: 7 | BI62: =ROUND((BH62 - MIN(BH$2:BH$174)) / (MAX(BH$2:BH$174) - MIN(BH$2:BH$174)), 1) -> 0.3 | BJ62: 9 | BK62: 1 | BL62: 6 | BM62: 0 | BN62: 0 | BO62: 0 | BP62: =ROUND((0.35 * L62) + (0.25 * W62) + (0.15 * U62) + (0.15 * BF62) + (0.1 * AJ62), 1) -> 0.3 | BQ62: 0 | BR62: 0 | BS62: =(0.45*L62 + 0.35*M62 + 0.12*AJ62 + 0.08*BF62) * (1 - BR62) -> 0.125 | BT62: 0 | BU62: 0 | BV62: 65.8 | BW62: 0.077 | BX62: =D62 * ( BP62*0.4 + L62*0.25 + W62*0.15 + AX62*0.1 + BF62*0.1 ) * 100 -> 26.5 | BY62: =E:E*(BQ:BQ*0.35+AT:AT*0.3+AV:AV*0.15+AN:AN*0.1+AO:AO*0.1)*100 -> 0 | BZ62: =ROUND(IF(N(F62)=1, MAX(0, ( (N(BN62)/18)*0.6 + (N(BF62)/10)*0.25 + N(AX62)*0.15 ) * 100 ), 0 ),3) -> 0 | CA62: =ROUND(G:G*(BO:BO*0.45+AZ:AZ*0.3+BB:BB*0.15+BF:BF*0.1)*100,3) -> 0 | CB62: =BX:BX+BY:BY+BZ:BZ + CA:CA -> 26.5 | CC62: =ROUND(0.7 + (BR:BR* 0.2) + (BS:BS * 0.1),3) -> 0.713 | CD62: =ROUND(CB:CB* CC:CC, 2) -> 18.89 | CE62: =ROUND( 1 - ( (D:D * 0.25) + (E:E* 0.2) + (F:F* 0.15) + (G:G* 0.1) ) * AQ:AQ, 3 ) -> 0.975 | CF62: =ROUND( CD:CD* CE:CE, 2 ) -> 18.42 | CG62: =RANK(CF62,CF:CF) -> 164
A63: 784869 | B63: Nitish Kumar Reddy | C63: Batsman | D63: 1 | E63: 0 | F63: 1 | G63: 0 | H63: 11 | I63: 7 | J63: =ROUND((K63 - MIN($K$2:$K$98)) / (MAX($K$2:$K$98) - MIN($K$2:$K$98)), 1) -> 0.2 | K63: 303 | L63: 0.1 | M63: 0 | N63: Middle | O63: 3 | P63: India | Q63: 0 | R63: 22 | S63: 76 | T63: 33.67 | U63: =ROUND((T63 - MIN(T$2:T$98)) / (MAX(T$2:T$98) - MIN(T$2:T$98)), 1) -> 0.6 | V63: 142.92 | W63: =ROUND((V63 - MIN(V$2:V$98)) / (MAX(V$2:V$98) - MIN(V$2:V$98)), 1) -> 0.6 | X63: 15 | Y63: 21 | Z63: 0 | AA63: 2 | AB63: 0 | AC63: =IF(AB63>AD63, 3,IF(AB63<AD63, 1, 2)) -> 2 | AD63: 0 | AE63: 0.6 | AF63: 0.015 | AG63: 7 | AH63: 0.015 | AI63: 45 | AJ63: =ROUND((AI63 - MIN(AI$2:AI$98)) / (MAX(AI$2:AI$98) - MIN(AI$2:AI$98)), 1) -> 0.5 | AK63: 3 | AL63: 2 | AM63: 11.39 | AN63: 0.6 | AO63: 0.3 | AP63: 2.8 | AQ63: 0.1 | AR63: 2 | AS63: 0.2 | AT63: 0.13 | AU63: 15 | AV63: 0 | AW63: 55 | AX63: 0.6 | AY63: 0 | AZ63: 0 | BA63: 0 | BB63: 0 | BC63: 45 | BD63: 70 | BE63: 7 | BF63: =ROUND((BE63 - MIN(BE$2:BE$174)) / (MAX(BE$2:BE$174) - MIN(BE$2:BE$174)), 1) -> 0.3 | BG63: =IF(AND(K63>=800,V63>=145),3,IF(K63>=400,1,2)) -> 2 | BH63: 7 | BI63: =ROUND((BH63 - MIN(BH$2:BH$174)) / (MAX(BH$2:BH$174) - MIN(BH$2:BH$174)), 1) -> 0.3 | BJ63: 5 | BK63: 0.43 | BL63: 7 | BM63: 0.33 | BN63: 1.1 | BO63: 0 | BP63: =ROUND((0.35 * L63) + (0.25 * W63) + (0.15 * U63) + (0.15 * BF63) + (0.1 * AJ63), 1) -> 0.4 | BQ63: 0 | BR63: 0 | BS63: =(0.45*L63 + 0.35*M63 + 0.12*AJ63 + 0.08*BF63) * (1 - BR63) -> 0.129 | BT63: 0 | BU63: 0 | BV63: 41.55 | BW63: 0.05 | BX63: =D63 * ( BP63*0.4 + L63*0.25 + W63*0.15 + AX63*0.1 + BF63*0.1 ) * 100 -> 36.5 | BY63: =E:E*(BQ:BQ*0.35+AT:AT*0.3+AV:AV*0.15+AN:AN*0.1+AO:AO*0.1)*100 -> 0 | BZ63: =ROUND(IF(N(F63)=1, MAX(0, ( (N(BN63)/18)*0.6 + (N(BF63)/10)*0.25 + N(AX63)*0.15 ) * 100 ), 0 ),3) -> 13.417 | CA63: =ROUND(G:G*(BO:BO*0.45+AZ:AZ*0.3+BB:BB*0.15+BF:BF*0.1)*100,3) -> 0 | CB63: =BX:BX+BY:BY+BZ:BZ + CA:CA -> 49.917 | CC63: =ROUND(0.7 + (BR:BR* 0.2) + (BS:BS * 0.1),3) -> 0.713 | CD63: =ROUND(CB:CB* CC:CC, 2) -> 35.59 | CE63: =ROUND( 1 - ( (D:D * 0.25) + (E:E* 0.2) + (F:F* 0.15) + (G:G* 0.1) ) * AQ:AQ, 3 ) -> 0.96 | CF63: =ROUND( CD:CD* CE:CE, 2 ) -> 34.17 | CG63: =RANK(CF63,CF:CF) -> 64
A64: 1081695 | B64: Dhruv Jurel | C64: Batsman | D64: 1 | E64: 0 | F64: 0 | G64: 0 | H64: 22 | I64: 7 | J64: =ROUND((K64 - MIN($K$2:$K$98)) / (MAX($K$2:$K$98) - MIN($K$2:$K$98)), 1) -> 0.3 | K64: 347 | L64: 0.1 | M64: 0 | N64: Finisher | O64: 2 | P64: New Zealand | Q64: 1 | R64: 23 | S64: 56 | T64: 23.13 | U64: =ROUND((T64 - MIN(T$2:T$98)) / (MAX(T$2:T$98) - MIN(T$2:T$98)), 1) -> 0.4 | V64: 151.53 | W64: =ROUND((V64 - MIN(V$2:V$98)) / (MAX(V$2:V$98) - MIN(V$2:V$98)), 1) -> 0.6 | X64: 29 | Y64: 16 | Z64: 0 | AA64: 2 | AB64: 0 | AC64: =IF(AB64>AD64, 3,IF(AB64<AD64, 1, 2)) -> 2 | AD64: 0 | AE64: 0.6 | AF64: 0.015 | AG64: 6.5 | AH64: 0.014 | AI64: 45 | AJ64: =ROUND((AI64 - MIN(AI$2:AI$98)) / (MAX(AI$2:AI$98) - MIN(AI$2:AI$98)), 1) -> 0.5 | AK64: 0 | AL64: 0 | AM64: 0 | AN64: 0 | AO64: =ROUND((AP64 - MIN($AP$2:$AP2050)) / (MAX($AP$2:$AP2050) - MIN($AP$2:$AP2050)), 1) -> 0 | AP64: 0 | AQ64: =ROUND((AR64 - MIN($AR$2:$AR2050)) / (MAX($AR$2:$AR2050) - MIN($AR$2:$AR2050)), 1) -> 0 | AR64: 2 | AS64: 0 | AT64: 0 | AU64: 0 | AV64: 0 | AW64: 25 | AX64: 0.3 | AY64: 0 | AZ64: =(AP64 - MIN($AP$2:$AP$964)) / (MAX($AP$2:$AP$964) - MIN($AP$2:$AP$964)) -> 0 | BA64: 0 | BB64: 0 | BC64: 0 | BD64: 0 | BE64: 7.5 | BF64: =ROUND((BE64 - MIN(BE$2:BE$174)) / (MAX(BE$2:BE$174) - MIN(BE$2:BE$174)), 1) -> 0.4 | BG64: =IF(AND(K64>=800,V64>=145),3,IF(K64>=400,1,2)) -> 2 | BH64: 6 | BI64: =ROUND((BH64 - MIN(BH$2:BH$174)) / (MAX(BH$2:BH$174) - MIN(BH$2:BH$174)), 1) -> 0 | BJ64: 6 | BK64: 0.57 | BL64: 6 | BM64: 0 | BN64: 0 | BO64: 0 | BP64: =ROUND((0.35 * L64) + (0.25 * W64) + (0.15 * U64) + (0.15 * BF64) + (0.1 * AJ64), 1) -> 0.4 | BQ64: 0 | BR64: 0 | BS64: =(0.45*L64 + 0.35*M64 + 0.12*AJ64 + 0.08*BF64) * (1 - BR64) -> 0.137 | BT64: 0 | BU64: 0 | BV64: 45.55 | BW64: 0.055 | BX64: =D64 * ( BP64*0.4 + L64*0.25 + W64*0.15 + AX64*0.1 + BF64*0.1 ) * 100 -> 34.5 | BY64: =E:E*(BQ:BQ*0.35+AT:AT*0.3+AV:AV*0.15+AN:AN*0.1+AO:AO*0.1)*100 -> 0 | BZ64: =ROUND(IF(N(F64)=1, MAX(0, ( (N(BN64)/18)*0.6 + (N(BF64)/10)*0.25 + N(AX64)*0.15 ) * 100 ), 0 ),3) -> 0 | CA64: =ROUND(G:G*(BO:BO*0.45+AZ:AZ*0.3+BB:BB*0.15+BF:BF*0.1)*100,3) -> 0 | CB64: =BX:BX+BY:BY+BZ:BZ + CA:CA -> 34.5 | CC64: =ROUND(0.7 + (BR:BR* 0.2) + (BS:BS * 0.1),3) -> 0.714 | CD64: =ROUND(CB:CB* CC:CC, 2) -> 24.63 | CE64: =ROUND( 1 - ( (D:D * 0.25) + (E:E* 0.2) + (F:F* 0.15) + (G:G* 0.1) ) * AQ:AQ, 3 ) -> 1 | CF64: =ROUND( CD:CD* CE:CE, 2 ) -> 24.63 | CG64: =RANK(CF64,CF:CF) -> 129
A65: 28081 | B65: Deepak Hooda | C65: Batsman | D65: 1 | E65: 0 | F65: 0 | G65: 0 | H65: 21 | I65: 8 | J65: =ROUND((K65 - MIN($K$2:$K$98)) / (MAX($K$2:$K$98) - MIN($K$2:$K$98)), 1) -> 0.2 | K65: 229 | L65: 0.1 | M65: 0 | N65: Middle | O65: 2 | P65: India | Q65: 0 | R65: 28 | S65: 50 | T65: 12.05 | U65: =ROUND((T65 - MIN(T$2:T$98)) / (MAX(T$2:T$98) - MIN(T$2:T$98)), 1) -> 0.2 | V65: 117.44 | W65: =ROUND((V65 - MIN(V$2:V$98)) / (MAX(V$2:V$98) - MIN(V$2:V$98)), 1) -> 0.5 | X65: 19 | Y65: 5 | Z65: 0 | AA65: 1 | AB65: 0 | AC65: =IF(AB65>AD65, 3,IF(AB65<AD65, 1, 2)) -> 2 | AD65: 0 | AE65: 0.7 | AF65: 0.0175 | AG65: 7 | AH65: 0.011 | AI65: 60 | AJ65: =ROUND((AI65 - MIN(AI$2:AI$98)) / (MAX(AI$2:AI$98) - MIN(AI$2:AI$98)), 1) -> 0.7 | AK65: 0 | AL65: 0 | AM65: 0 | AN65: 0 | AO65: =ROUND((AP65 - MIN($AP$2:$AP2051)) / (MAX($AP$2:$AP2051) - MIN($AP$2:$AP2051)), 1) -> 0 | AP65: 0 | AQ65: =ROUND((AR65 - MIN($AR$2:$AR2051)) / (MAX($AR$2:$AR2051) - MIN($AR$2:$AR2051)), 1) -> 0.3 | AR65: 3.5 | AS65: 0 | AT65: 0 | AU65: 0 | AV65: 0 | AW65: 31 | AX65: 0.3 | AY65: 0 | AZ65: =(AP65 - MIN($AP$2:$AP$964)) / (MAX($AP$2:$AP$964) - MIN($AP$2:$AP$964)) -> 0 | BA65: 0 | BB65: 0 | BC65: 0 | BD65: 0 | BE65: 6 | BF65: =ROUND((BE65 - MIN(BE$2:BE$174)) / (MAX(BE$2:BE$174) - MIN(BE$2:BE$174)), 1) -> 0 | BG65: =IF(AND(K65>=800,V65>=145),3,IF(K65>=400,1,2)) -> 2 | BH65: 6 | BI65: =ROUND((BH65 - MIN(BH$2:BH$174)) / (MAX(BH$2:BH$174) - MIN(BH$2:BH$174)), 1) -> 0 | BJ65: 6 | BK65: 0.57 | BL65: 6 | BM65: 0 | BN65: 0 | BO65: 0 | BP65: =ROUND((0.35 * L65) + (0.25 * W65) + (0.15 * U65) + (0.15 * BF65) + (0.1 * AJ65), 1) -> 0.3 | BQ65: 0 | BR65: 0 | BS65: =(0.45*L65 + 0.35*M65 + 0.12*AJ65 + 0.08*BF65) * (1 - BR65) -> 0.129 | BT65: 0 | BU65: 0 | BV65: 42.35 | BW65: 0.051 | BX65: =D65 * ( BP65*0.4 + L65*0.25 + W65*0.15 + AX65*0.1 + BF65*0.1 ) * 100 -> 25 | BY65: =E:E*(BQ:BQ*0.35+AT:AT*0.3+AV:AV*0.15+AN:AN*0.1+AO:AO*0.1)*100 -> 0 | BZ65: =ROUND(IF(N(F65)=1, MAX(0, ( (N(BN65)/18)*0.6 + (N(BF65)/10)*0.25 + N(AX65)*0.15 ) * 100 ), 0 ),3) -> 0 | CA65: =ROUND(G:G*(BO:BO*0.45+AZ:AZ*0.3+BB:BB*0.15+BF:BF*0.1)*100,3) -> 0 | CB65: =BX:BX+BY:BY+BZ:BZ + CA:CA -> 25 | CC65: =ROUND(0.7 + (BR:BR* 0.2) + (BS:BS * 0.1),3) -> 0.713 | CD65: =ROUND(CB:CB* CC:CC, 2) -> 17.83 | CE65: =ROUND( 1 - ( (D:D * 0.25) + (E:E* 0.2) + (F:F* 0.15) + (G:G* 0.1) ) * AQ:AQ, 3 ) -> 0.925 | CF65: =ROUND( CD:CD* CE:CE, 2 ) -> 16.49 | CG65: =RANK(CF65,CF:CF) -> 172
A66: 865427 | B66: Rachin Ravindra | C66: Batsman | D66: 1 | E66: 0 | F66: 0 | G66: 0 | H66: 10 | I66: 9 | J66: =ROUND((K66 - MIN($K$2:$K$98)) / (MAX($K$2:$K$98) - MIN($K$2:$K$98)), 1) -> 0.2 | K66: 222 | L66: 0.1 | M66: 0 | N66: Middle | O66: 3 | P66: India | Q66: 0 | R66: 22 | S66: 61 | T66: 22.2 | U66: =ROUND((T66 - MIN(T$2:T$98)) / (MAX(T$2:T$98) - MIN(T$2:T$98)), 1) -> 0.4 | V66: 160.87 | W66: =ROUND((V66 - MIN(V$2:V$98)) / (MAX(V$2:V$98) - MIN(V$2:V$98)), 1) -> 0.7 | X66: 22 | Y66: 12 | Z66: 0 | AA66: 1 | AB66: 0 | AC66: =IF(AB66>AD66, 3,IF(AB66<AD66, 1, 2)) -> 2 | AD66: 0 | AE66: 0.6 | AF66: 0.015 | AG66: 7 | AH66: 0.004 | AI66: 50 | AJ66: =ROUND((AI66 - MIN(AI$2:AI$98)) / (MAX(AI$2:AI$98) - MIN(AI$2:AI$98)), 1) -> 0.6 | AK66: 0 | AL66: 0 | AM66: 0 | AN66: 0 | AO66: =ROUND((AP66 - MIN($AP$2:$AP2052)) / (MAX($AP$2:$AP2052) - MIN($AP$2:$AP2052)), 1) -> 0 | AP66: 0 | AQ66: =ROUND((AR66 - MIN($AR$2:$AR2052)) / (MAX($AR$2:$AR2052) - MIN($AR$2:$AR2052)), 1) -> 0.1 | AR66: 2.5 | AS66: 0 | AT66: 0 | AU66: 0 | AV66: 0 | AW66: 27 | AX66: 0.3 | AY66: 0 | AZ66: =(AP66 - MIN($AP$2:$AP$964)) / (MAX($AP$2:$AP$964) - MIN($AP$2:$AP$964)) -> 0 | BA66: 0 | BB66: 0 | BC66: 0 | BD66: 0 | BE66: 6.5 | BF66: =ROUND((BE66 - MIN(BE$2:BE$174)) / (MAX(BE$2:BE$174) - MIN(BE$2:BE$174)), 1) -> 0.1 | BG66: =IF(AND(K66>=800,V66>=145),3,IF(K66>=400,1,2)) -> 2 | BH66: 6 | BI66: =ROUND((BH66 - MIN(BH$2:BH$174)) / (MAX(BH$2:BH$174) - MIN(BH$2:BH$174)), 1) -> 0 | BJ66: 7 | BK66: 0.71 | BL66: 7 | BM66: 0.33 | BN66: 0 | BO66: 0 | BP66: =ROUND((0.35 * L66) + (0.25 * W66) + (0.15 * U66) + (0.15 * BF66) + (0.1 * AJ66), 1) -> 0.3 | BQ66: 0 | BR66: 0 | BS66: =(0.45*L66 + 0.35*M66 + 0.12*AJ66 + 0.08*BF66) * (1 - BR66) -> 0.125 | BT66: 0 | BU66: 0 | BV66: 44.85 | BW66: 0.054 | BX66: =D66 * ( BP66*0.4 + L66*0.25 + W66*0.15 + AX66*0.1 + BF66*0.1 ) * 100 -> 29 | BY66: =E:E*(BQ:BQ*0.35+AT:AT*0.3+AV:AV*0.15+AN:AN*0.1+AO:AO*0.1)*100 -> 0 | BZ66: =ROUND(IF(N(F66)=1, MAX(0, ( (N(BN66)/18)*0.6 + (N(BF66)/10)*0.25 + N(AX66)*0.15 ) * 100 ), 0 ),3) -> 0 | CA66: =ROUND(G:G*(BO:BO*0.45+AZ:AZ*0.3+BB:BB*0.15+BF:BF*0.1)*100,3) -> 0 | CB66: =BX:BX+BY:BY+BZ:BZ + CA:CA -> 29 | CC66: =ROUND(0.7 + (BR:BR* 0.2) + (BS:BS * 0.1),3) -> 0.713 | CD66: =ROUND(CB:CB* CC:CC, 2) -> 20.68 | CE66: =ROUND( 1 - ( (D:D * 0.25) + (E:E* 0.2) + (F:F* 0.15) + (G:G* 0.1) ) * AQ:AQ, 3 ) -> 0.975 | CF66: =ROUND( CD:CD* CE:CE, 2 ) -> 20.16 | CG66: =RANK(CF66,CF:CF) -> 154
A67: 279810 | B67: Krunal Pandya | C67: Batsman | D67: 1 | E67: 1 | F67: 0 | G67: 0 | H67: 26 | I67: 29 | J67: =ROUND((K67 - MIN($K$2:$K$98)) / (MAX($K$2:$K$98) - MIN($K$2:$K$98)), 1) -> 0.2 | K67: 321 | L67: 0.1 | M67: 0.1 | N67: Finisher | O67: 2 | P67: West Indies | Q67: 1 | R67: 32 | S67: 49 | T67: 22.93 | U67: =ROUND((T67 - MIN(T$2:T$98)) / (MAX(T$2:T$98) - MIN(T$2:T$98)), 1) -> 0.4 | V67: 118.89 | W67: =ROUND((V67 - MIN(V$2:V$98)) / (MAX(V$2:V$98) - MIN(V$2:V$98)), 1) -> 0.5 | X67: 23 | Y67: 11 | Z67: 0 | AA67: 0 | AB67: 20.4 | AC67: =IF(AB67>AD67, 3,IF(AB67<AD67, 1, 2)) -> 3 | AD67: 0 | AE67: 0.6 | AF67: 0.015 | AG67: 7 | AH67: 0.003 | AI67: 60 | AJ67: =ROUND((AI67 - MIN(AI$2:AI$98)) / (MAX(AI$2:AI$98) - MIN(AI$2:AI$98)), 1) -> 0.7 | AK67: 15 | AL67: 75 | AM67: 7.57 | AN67: 0.3 | AO67: 0.9 | AP67: 8.5 | AQ67: =ROUND((AR67 - MIN($AR$2:$AR2053)) / (MAX($AR$2:$AR2053) - MIN($AR$2:$AR2053)), 1) -> 0.4 | AR67: 4.5 | AS67: 0.5 | AT67: 0.33 | AU67: 31 | AV67: 0.4 | AW67: 18 | AX67: 0.2 | AY67: 0 | AZ67: 0 | BA67: 0 | BB67: 0 | BC67: 75 | BD67: 37.5 | BE67: 6.5 | BF67: =ROUND((BE67 - MIN(BE$2:BE$174)) / (MAX(BE$2:BE$174) - MIN(BE$2:BE$174)), 1) -> 0.1 | BG67: =IF(AND(K67>=800,V67>=145),3,IF(K67>=400,1,2)) -> 2 | BH67: 7 | BI67: =ROUND((BH67 - MIN(BH$2:BH$174)) / (MAX(BH$2:BH$174) - MIN(BH$2:BH$174)), 1) -> 0.3 | BJ67: 6 | BK67: 0.57 | BL67: 7 | BM67: 0.33 | BN67: 0 | BO67: 0 | BP67: =ROUND((0.35 * L67) + (0.25 * W67) + (0.15 * U67) + (0.15 * BF67) + (0.1 * AJ67), 1) -> 0.3 | BQ67: 0.2 | BR67: 0 | BS67: =(0.45*L67 + 0.35*M67 + 0.12*AJ67 + 0.08*BF67) * (1 - BR67) -> 0.172 | BT67: 0 | BU67: 0 | BV67: 40.65 | BW67: 0.049 | BX67: =D67 * ( BP67*0.4 + L67*0.25 + W67*0.15 + AX67*0.1 + BF67*0.1 ) * 100 -> 25 | BY67: =E:E*(BQ:BQ*0.35+AT:AT*0.3+AV:AV*0.15+AN:AN*0.1+AO:AO*0.1)*100 -> 34.9 | BZ67: =ROUND(IF(N(F67)=1, MAX(0, ( (N(BN67)/18)*0.6 + (N(BF67)/10)*0.25 + N(AX67)*0.15 ) * 100 ), 0 ),3) -> 0 | CA67: =ROUND(G:G*(BO:BO*0.45+AZ:AZ*0.3+BB:BB*0.15+BF:BF*0.1)*100,3) -> 0 | CB67: =BX:BX+BY:BY+BZ:BZ + CA:CA -> 59.9 | CC67: =ROUND(0.7 + (BR:BR* 0.2) + (BS:BS * 0.1),3) -> 0.717 | CD67: =ROUND(CB:CB* CC:CC, 2) -> 42.95 | CE67: =ROUND( 1 - ( (D:D * 0.25) + (E:E* 0.2) + (F:F* 0.15) + (G:G* 0.1) ) * AQ:AQ, 3 ) -> 0.82 | CF67: =ROUND( CD:CD* CE:CE, 2 ) -> 35.22 | CG67: =RANK(CF67,CF:CF) -> 60
A68: 290630 | B68: Kyle Mayers | C68: Batsman | D68: 1 | E68: 0 | F68: 1 | G68: 0 | H68: 13 | I68: 17 | J68: =ROUND((K68 - MIN($K$2:$K$98)) / (MAX($K$2:$K$98) - MIN($K$2:$K$98)), 1) -> 0.3 | K68: 379 | L68: 0.1 | M68: 0.2 | N68: Middle | O68: 2 | P68: India | Q68: 0 | R68: 30 | S68: 73 | T68: 29.15 | U68: =ROUND((T68 - MIN(T$2:T$98)) / (MAX(T$2:T$98) - MIN(T$2:T$98)), 1) -> 0.5 | V68: 144.11 | W68: =ROUND((V68 - MIN(V$2:V$98)) / (MAX(V$2:V$98) - MIN(V$2:V$98)), 1) -> 0.6 | X68: 38 | Y68: 22 | Z68: 0 | AA68: 4 | AB68: 0 | AC68: =IF(AB68>AD68, 3,IF(AB68<AD68, 1, 2)) -> 2 | AD68: 0 | AE68: 0.6 | AF68: 0.015 | AG68: 7 | AH68: 0.003 | AI68: 55 | AJ68: =ROUND((AI68 - MIN(AI$2:AI$98)) / (MAX(AI$2:AI$98) - MIN(AI$2:AI$98)), 1) -> 0.6 | AK68: 0 | AL68: 2 | AM68: 8.43 | AN68: 0.6 | AO68: 0.8 | AP68: 6.85 | AQ68: =ROUND((AR68 - MIN($AR$2:$AR2054)) / (MAX($AR$2:$AR2054) - MIN($AR$2:$AR2054)), 1) -> 0.3 | AR68: 3.5 | AS68: 0.65 | AT68: 0.43 | AU68: 34 | AV68: 0.5 | AW68: 25 | AX68: 0.3 | AY68: 0 | AZ68: 0 | BA68: 0 | BB68: 0 | BC68: 0 | BD68: 0 | BE68: 7 | BF68: =ROUND((BE68 - MIN(BE$2:BE$174)) / (MAX(BE$2:BE$174) - MIN(BE$2:BE$174)), 1) -> 0.3 | BG68: =IF(AND(K68>=800,V68>=145),3,IF(K68>=400,1,2)) -> 2 | BH68: 6 | BI68: =ROUND((BH68 - MIN(BH$2:BH$174)) / (MAX(BH$2:BH$174) - MIN(BH$2:BH$174)), 1) -> 0 | BJ68: 8 | BK68: 0.86 | BL68: 6 | BM68: 0 | BN68: 0.7 | BO68: 0 | BP68: =ROUND((0.35 * L68) + (0.25 * W68) + (0.15 * U68) + (0.15 * BF68) + (0.1 * AJ68), 1) -> 0.4 | BQ68: 0 | BR68: 0 | BS68: =(0.45*L68 + 0.35*M68 + 0.12*AJ68 + 0.08*BF68) * (1 - BR68) -> 0.211 | BT68: 0 | BU68: 0 | BV68: 58.2 | BW68: 0.068 | BX68: =D68 * ( BP68*0.4 + L68*0.25 + W68*0.15 + AX68*0.1 + BF68*0.1 ) * 100 -> 33.5 | BY68: =E:E*(BQ:BQ*0.35+AT:AT*0.3+AV:AV*0.15+AN:AN*0.1+AO:AO*0.1)*100 -> 0 | BZ68: =ROUND(IF(N(F68)=1, MAX(0, ( (N(BN68)/18)*0.6 + (N(BF68)/10)*0.25 + N(AX68)*0.15 ) * 100 ), 0 ),3) -> 7.583 | CA68: =ROUND(G:G*(BO:BO*0.45+AZ:AZ*0.3+BB:BB*0.15+BF:BF*0.1)*100,3) -> 0 | CB68: =BX:BX+BY:BY+BZ:BZ + CA:CA -> 41.083 | CC68: =ROUND(0.7 + (BR:BR* 0.2) + (BS:BS * 0.1),3) -> 0.721 | CD68: =ROUND(CB:CB* CC:CC, 2) -> 29.62 | CE68: =ROUND( 1 - ( (D:D * 0.25) + (E:E* 0.2) + (F:F* 0.15) + (G:G* 0.1) ) * AQ:AQ, 3 ) -> 0.88 | CF68: =ROUND( CD:CD* CE:CE, 2 ) -> 26.07 | CG68: =RANK(CF68,CF:CF) -> 122
A69: 1212214 | B69: Anuj Rawat | C69: Batsman | D69: 1 | E69: 0 | F69: 0 | G69: 0 | H69: 12 | I69: 25 | J69: =ROUND((K69 - MIN($K$2:$K$98)) / (MAX($K$2:$K$98) - MIN($K$2:$K$98)), 1) -> 0.1 | K69: 189 | L69: 0.1 | M69: 0 | N69: Opener | O69: 3 | P69: Zimbabwe | Q69: 1 | R69: 23 | S69: 48 | T69: 27 | U69: =ROUND((T69 - MIN(T$2:T$98)) / (MAX(T$2:T$98) - MIN(T$2:T$98)), 1) -> 0.5 | V69: 127.7 | W69: =ROUND((V69 - MIN(V$2:V$98)) / (MAX(V$2:V$98) - MIN(V$2:V$98)), 1) -> 0.5 | X69: 16 | Y69: 7 | Z69: 0 | AA69: 0 | AB69: 0 | AC69: =IF(AB69>AD69, 3,IF(AB69<AD69, 1, 2)) -> 2 | AD69: 0 | AE69: 0.6 | AF69: 0.015 | AG69: 6.5 | AH69: 0.003 | AI69: 45 | AJ69: =ROUND((AI69 - MIN(AI$2:AI$98)) / (MAX(AI$2:AI$98) - MIN(AI$2:AI$98)), 1) -> 0.5 | AK69: 0 | AL69: 0 | AM69: 0 | AN69: 0 | AO69: =ROUND((AP69 - MIN($AP$2:$AP2050)) / (MAX($AP$2:$AP2050) - MIN($AP$2:$AP2050)), 1) -> 0 | AP69: 0 | AQ69: =ROUND((AR69 - MIN($AR$2:$AR2055)) / (MAX($AR$2:$AR2055) - MIN($AR$2:$AR2055)), 1) -> 0.1 | AR69: 2.5 | AS69: 0 | AT69: 0 | AU69: 0 | AV69: 0 | AW69: 21 | AX69: 0.2 | AY69: 0 | AZ69: =(AP69 - MIN($AP$2:$AP$964)) / (MAX($AP$2:$AP$964) - MIN($AP$2:$AP$964)) -> 0 | BA69: 0 | BB69: 0 | BC69: 0 | BD69: 0 | BE69: 7 | BF69: =ROUND((BE69 - MIN(BE$2:BE$174)) / (MAX(BE$2:BE$174) - MIN(BE$2:BE$174)), 1) -> 0.3 | BG69: =IF(AND(K69>=800,V69>=145),3,IF(K69>=400,1,2)) -> 2 | BH69: 6 | BI69: =ROUND((BH69 - MIN(BH$2:BH$174)) / (MAX(BH$2:BH$174) - MIN(BH$2:BH$174)), 1) -> 0 | BJ69: 7 | BK69: 0.71 | BL69: 7 | BM69: 0.33 | BN69: 0 | BO69: 0 | BP69: =ROUND((0.35 * L69) + (0.25 * W69) + (0.15 * U69) + (0.15 * BF69) + (0.1 * AJ69), 1) -> 0.3 | BQ69: 0 | BR69: 0 | BS69: =(0.45*L69 + 0.35*M69 + 0.12*AJ69 + 0.08*BF69) * (1 - BR69) -> 0.129 | BT69: 0 | BU69: 0 | BV69: 44.95 | BW69: 0.054 | BX69: =D69 * ( BP69*0.4 + L69*0.25 + W69*0.15 + AX69*0.1 + BF69*0.1 ) * 100 -> 27 | BY69: =E:E*(BQ:BQ*0.35+AT:AT*0.3+AV:AV*0.15+AN:AN*0.1+AO:AO*0.1)*100 -> 0 | BZ69: =ROUND(IF(N(F69)=1, MAX(0, ( (N(BN69)/18)*0.6 + (N(BF69)/10)*0.25 + N(AX69)*0.15 ) * 100 ), 0 ),3) -> 0 | CA69: =ROUND(G:G*(BO:BO*0.45+AZ:AZ*0.3+BB:BB*0.15+BF:BF*0.1)*100,3) -> 0 | CB69: =BX:BX+BY:BY+BZ:BZ + CA:CA -> 27 | CC69: =ROUND(0.7 + (BR:BR* 0.2) + (BS:BS * 0.1),3) -> 0.713 | CD69: =ROUND(CB:CB* CC:CC, 2) -> 19.25 | CE69: =ROUND( 1 - ( (D:D * 0.25) + (E:E* 0.2) + (F:F* 0.15) + (G:G* 0.1) ) * AQ:AQ, 3 ) -> 0.975 | CF69: =ROUND( CD:CD* CE:CE, 2 ) -> 18.77 | CG69: =RANK(CF69,CF:CF) -> 163
A70: 1212213 | B70: Sikandar Raza | C70: Batsman | D70: 1 | E70: 0 | F70: 0 | G70: 0 | H70: 9 | I70: 23 | J70: =ROUND((K70 - MIN($K$2:$K$98)) / (MAX($K$2:$K$98) - MIN($K$2:$K$98)), 1) -> 0.1 | K70: 182 | L70: 0.1 | M70: 0 | N70: Middle | O70: 2 | P70: India | Q70: 0 | R70: 37 | S70: 57 | T70: 26 | U70: =ROUND((T70 - MIN(T$2:T$98)) / (MAX(T$2:T$98) - MIN(T$2:T$98)), 1) -> 0.5 | V70: 133.82 | W70: =ROUND((V70 - MIN(V$2:V$98)) / (MAX(V$2:V$98) - MIN(V$2:V$98)), 1) -> 0.5 | X70: 12 | Y70: 8 | Z70: 0 | AA70: 1 | AB70: 0 | AC70: =IF(AB70>AD70, 3,IF(AB70<AD70, 1, 2)) -> 2 | AD70: 0 | AE70: 0.6 | AF70: 0.015 | AG70: 7 | AH70: 0.004 | AI70: 60 | AJ70: =ROUND((AI70 - MIN(AI$2:AI$98)) / (MAX(AI$2:AI$98) - MIN(AI$2:AI$98)), 1) -> 0.7 | AK70: 0 | AL70: 0 | AM70: 0 | AN70: 0 | AO70: =ROUND((AP70 - MIN($AP$2:$AP2051)) / (MAX($AP$2:$AP2051) - MIN($AP$2:$AP2051)), 1) -> 0 | AP70: 0 | AQ70: =ROUND((AR70 - MIN($AR$2:$AR2056)) / (MAX($AR$2:$AR2056) - MIN($AR$2:$AR2056)), 1) -> 0.3 | AR70: 4 | AS70: 0 | AT70: 0 | AU70: 0 | AV70: 0 | AW70: 23 | AX70: 0.2 | AY70: 0 | AZ70: =(AP70 - MIN($AP$2:$AP$964)) / (MAX($AP$2:$AP$964) - MIN($AP$2:$AP$964)) -> 0 | BA70: 0 | BB70: 0 | BC70: 0 | BD70: 0 | BE70: 6.5 | BF70: =ROUND((BE70 - MIN(BE$2:BE$174)) / (MAX(BE$2:BE$174) - MIN(BE$2:BE$174)), 1) -> 0.1 | BG70: =IF(AND(K70>=800,V70>=145),3,IF(K70>=400,1,2)) -> 2 | BH70: 6 | BI70: =ROUND((BH70 - MIN(BH$2:BH$174)) / (MAX(BH$2:BH$174) - MIN(BH$2:BH$174)), 1) -> 0 | BJ70: 7 | BK70: 0.71 | BL70: 7 | BM70: 0.33 | BN70: 0 | BO70: 0 | BP70: =ROUND((0.35 * L70) + (0.25 * W70) + (0.15 * U70) + (0.15 * BF70) + (0.1 * AJ70), 1) -> 0.3 | BQ70: 0 | BR70: 0 | BS70: =(0.45*L70 + 0.35*M70 + 0.12*AJ70 + 0.08*BF70) * (1 - BR70) -> 0.137 | BT70: 0 | BU70: 0 | BV70: 43.35 | BW70: 0.052 | BX70: =D70 * ( BP70*0.4 + L70*0.25 + W70*0.15 + AX70*0.1 + BF70*0.1 ) * 100 -> 25 | BY70: =E:E*(BQ:BQ*0.35+AT:AT*0.3+AV:AV*0.15+AN:AN*0.1+AO:AO*0.1)*100 -> 0 | BZ70: =ROUND(IF(N(F70)=1, MAX(0, ( (N(BN70)/18)*0.6 + (N(BF70)/10)*0.25 + N(AX70)*0.15 ) * 100 ), 0 ),3) -> 0 | CA70: =ROUND(G:G*(BO:BO*0.45+AZ:AZ*0.3+BB:BB*0.15+BF:BF*0.1)*100,3) -> 0 | CB70: =BX:BX+BY:BY+BZ:BZ + CA:CA -> 25 | CC70: =ROUND(0.7 + (BR:BR* 0.2) + (BS:BS * 0.1),3) -> 0.714 | CD70: =ROUND(CB:CB* CC:CC, 2) -> 17.85 | CE70: =ROUND( 1 - ( (D:D * 0.25) + (E:E* 0.2) + (F:F* 0.15) + (G:G* 0.1) ) * AQ:AQ, 3 ) -> 0.925 | CF70: =ROUND( CD:CD* CE:CE, 2 ) -> 16.51 | CG70: =RANK(CF70,CF:CF) -> 171
A71: 600498 | B71: Devdutt Padikkal | C71: Batsman | D71: 1 | E71: 0 | F71: 0 | G71: 0 | H71: 20 | I71: 13 | J71: =ROUND((K71 - MIN($K$2:$K$98)) / (MAX($K$2:$K$98) - MIN($K$2:$K$98)), 1) -> 0.2 | K71: 310 | L71: 0.1 | M71: 0 | N71: Opener | O71: 1 | P71: India | Q71: 0 | R71: 23 | S71: 52 | T71: 16.32 | U71: =ROUND((T71 - MIN(T$2:T$98)) / (MAX(T$2:T$98) - MIN(T$2:T$98)), 1) -> 0.3 | V71: 112.73 | W71: =ROUND((V71 - MIN(V$2:V$98)) / (MAX(V$2:V$98) - MIN(V$2:V$98)), 1) -> 0.5 | X71: 34 | Y71: 6 | Z71: 0 | AA71: 2 | AB71: 0 | AC71: =IF(AB71>AD71, 3,IF(AB71<AD71, 1, 2)) -> 2 | AD71: 0 | AE71: 0.6 | AF71: 0.015 | AG71: 6.5 | AH71: 0.003 | AI71: 70 | AJ71: =ROUND((AI71 - MIN(AI$2:AI$98)) / (MAX(AI$2:AI$98) - MIN(AI$2:AI$98)), 1) -> 0.8 | AK71: 0 | AL71: 0 | AM71: 0 | AN71: 0 | AO71: =ROUND((AP71 - MIN($AP$2:$AP2052)) / (MAX($AP$2:$AP2052) - MIN($AP$2:$AP2052)), 1) -> 0 | AP71: 0 | AQ71: =ROUND((AR71 - MIN($AR$2:$AR2057)) / (MAX($AR$2:$AR2057) - MIN($AR$2:$AR2057)), 1) -> 0.1 | AR71: 2.5 | AS71: 0 | AT71: 0 | AU71: 0 | AV71: 0 | AW71: 26 | AX71: 0.3 | AY71: 0 | AZ71: =(AP71 - MIN($AP$2:$AP$964)) / (MAX($AP$2:$AP$964) - MIN($AP$2:$AP$964)) -> 0 | BA71: 0 | BB71: 0 | BC71: 0 | BD71: 0 | BE71: 7 | BF71: =ROUND((BE71 - MIN(BE$2:BE$174)) / (MAX(BE$2:BE$174) - MIN(BE$2:BE$174)), 1) -> 0.3 | BG71: =IF(AND(K71>=800,V71>=145),3,IF(K71>=400,1,2)) -> 2 | BH71: 6 | BI71: =ROUND((BH71 - MIN(BH$2:BH$174)) / (MAX(BH$2:BH$174) - MIN(BH$2:BH$174)), 1) -> 0 | BJ71: 6 | BK71: 0.57 | BL71: 7 | BM71: 0.33 | BN71: 0 | BO71: 0 | BP71: =ROUND((0.35 * L71) + (0.25 * W71) + (0.15 * U71) + (0.15 * BF71) + (0.1 * AJ71), 1) -> 0.3 | BQ71: 0 | BR71: 0 | BS71: =(0.45*L71 + 0.35*M71 + 0.12*AJ71 + 0.08*BF71) * (1 - BR71) -> 0.165 | BT71: 0 | BU71: 0 | BV71: 39.75 | BW71: 0.048 | BX71: =D71 * ( BP71*0.4 + L71*0.25 + W71*0.15 + AX71*0.1 + BF71*0.1 ) * 100 -> 28 | BY71: =E:E*(BQ:BQ*0.35+AT:AT*0.3+AV:AV*0.15+AN:AN*0.1+AO:AO*0.1)*100 -> 0 | BZ71: =ROUND(IF(N(F71)=1, MAX(0, ( (N(BN71)/18)*0.6 + (N(BF71)/10)*0.25 + N(AX71)*0.15 ) * 100 ), 0 ),3) -> 0 | CA71: =ROUND(G:G*(BO:BO*0.45+AZ:AZ*0.3+BB:BB*0.15+BF:BF*0.1)*100,3) -> 0 | CB71: =BX:BX+BY:BY+BZ:BZ + CA:CA -> 28 | CC71: =ROUND(0.7 + (BR:BR* 0.2) + (BS:BS * 0.1),3) -> 0.717 | CD71: =ROUND(CB:CB* CC:CC, 2) -> 20.08 | CE71: =ROUND( 1 - ( (D:D * 0.25) + (E:E* 0.2) + (F:F* 0.15) + (G:G* 0.1) ) * AQ:AQ, 3 ) -> 0.975 | CF71: =ROUND( CD:CD* CE:CE, 2 ) -> 19.58 | CG71: =RANK(CF71,CF:CF) -> 156
A72: 1142247 | B72: Ambati Rayudu | C72: Batsman | D72: 1 | E72: 0 | F72: 0 | G72: 0 | H72: 12 | I72: 10 | J72: =ROUND((K72 - MIN($K$2:$K$98)) / (MAX($K$2:$K$98) - MIN($K$2:$K$98)), 1) -> 0.1 | K72: 158 | L72: 0.1 | M72: 0 | N72: Middle | O72: 2 | P72: West Indies | Q72: 1 | R72: 37 | S72: 27 | T72: 15.8 | U72: =ROUND((T72 - MIN(T$2:T$98)) / (MAX(T$2:T$98) - MIN(T$2:T$98)), 1) -> 0.3 | V72: 139.82 | W72: =ROUND((V72 - MIN(V$2:V$98)) / (MAX(V$2:V$98) - MIN(V$2:V$98)), 1) -> 0.6 | X72: 10 | Y72: 9 | Z72: 0 | AA72: 0 | AB72: 0 | AC72: =IF(AB72>AD72, 3,IF(AB72<AD72, 1, 2)) -> 2 | AD72: 0 | AE72: 0.6 | AF72: 0.015 | AG72: 6.5 | AH72: 0.003 | AI72: 65 | AJ72: =ROUND((AI72 - MIN(AI$2:AI$98)) / (MAX(AI$2:AI$98) - MIN(AI$2:AI$98)), 1) -> 0.8 | AK72: 0 | AL72: 0 | AM72: 0 | AN72: 0 | AO72: =ROUND((AP72 - MIN($AP$2:$AP2053)) / (MAX($AP$2:$AP2053) - MIN($AP$2:$AP2053)), 1) -> 0 | AP72: 0 | AQ72: =ROUND((AR72 - MIN($AR$2:$AR2058)) / (MAX($AR$2:$AR2058) - MIN($AR$2:$AR2058)), 1) -> 0.7 | AR72: 6 | AS72: 0 | AT72: 0 | AU72: 0 | AV72: 0 | AW72: 27 | AX72: 0.3 | AY72: 0 | AZ72: =(AP72 - MIN($AP$2:$AP$964)) / (MAX($AP$2:$AP$964) - MIN($AP$2:$AP$964)) -> 0 | BA72: 0 | BB72: 0 | BC72: 0 | BD72: 0 | BE72: 7.5 | BF72: =ROUND((BE72 - MIN(BE$2:BE$174)) / (MAX(BE$2:BE$174) - MIN(BE$2:BE$174)), 1) -> 0.4 | BG72: =IF(AND(K72>=800,V72>=145),3,IF(K72>=400,1,2)) -> 2 | BH72: 7 | BI72: =ROUND((BH72 - MIN(BH$2:BH$174)) / (MAX(BH$2:BH$174) - MIN(BH$2:BH$174)), 1) -> 0.3 | BJ72: 8 | BK72: 0.86 | BL72: 7 | BM72: 0.33 | BN72: 0 | BO72: 0 | BP72: =ROUND((0.35 * L72) + (0.25 * W72) + (0.15 * U72) + (0.15 * BF72) + (0.1 * AJ72), 1) -> 0.4 | BQ72: 0 | BR72: 0 | BS72: =(0.45*L72 + 0.35*M72 + 0.12*AJ72 + 0.08*BF72) * (1 - BR72) -> 0.173 | BT72: 0 | BU72: 0 | BV72: 58 | BW72: 0.068 | BX72: =D72 * ( BP72*0.4 + L72*0.25 + W72*0.15 + AX72*0.1 + BF72*0.1 ) * 100 -> 34.5 | BY72: =E:E*(BQ:BQ*0.35+AT:AT*0.3+AV:AV*0.15+AN:AN*0.1+AO:AO*0.1)*100 -> 0 | BZ72: =ROUND(IF(N(F72)=1, MAX(0, ( (N(BN72)/18)*0.6 + (N(BF72)/10)*0.25 + N(AX72)*0.15 ) * 100 ), 0 ),3) -> 0 | CA72: =ROUND(G:G*(BO:BO*0.45+AZ:AZ*0.3+BB:BB*0.15+BF:BF*0.1)*100,3) -> 0 | CB72: =BX:BX+BY:BY+BZ:BZ + CA:CA -> 34.5 | CC72: =ROUND(0.7 + (BR:BR* 0.2) + (BS:BS * 0.1),3) -> 0.717 | CD72: =ROUND(CB:CB* CC:CC, 2) -> 24.74 | CE72: =ROUND( 1 - ( (D:D * 0.25) + (E:E* 0.2) + (F:F* 0.15) + (G:G* 0.1) ) * AQ:AQ, 3 ) -> 0.825 | CF72: =ROUND( CD:CD* CE:CE, 2 ) -> 20.41 | CG72: =RANK(CF72,CF:CF) -> 152
A73: 926851 | B73: Rovman Powell | C73: Batsman | D73: 1 | E73: 0 | F73: 0 | G73: 0 | H73: 10 | I73: 15 | J73: =ROUND((K73 - MIN($K$2:$K$98)) / (MAX($K$2:$K$98) - MIN($K$2:$K$98)), 1) -> 0.1 | K73: 110 | L73: 0.1 | M73: 0 | N73: Finisher | O73: 1 | P73: West Indies | Q73: 1 | R73: 29 | S73: 27 | T73: 12.22 | U73: =ROUND((T73 - MIN(T$2:T$98)) / (MAX(T$2:T$98) - MIN(T$2:T$98)), 1) -> 0.2 | V73: 142.86 | W73: =ROUND((V73 - MIN(V$2:V$98)) / (MAX(V$2:V$98) - MIN(V$2:V$98)), 1) -> 0.6 | X73: 11 | Y73: 6 | Z73: 0 | AA73: 0 | AB73: 0 | AC73: =IF(AB73>AD73, 3,IF(AB73<AD73, 1, 2)) -> 2 | AD73: 0 | AE73: 0.6 | AF73: 0.015 | AG73: 6.5 | AH73: 0.002 | AI73: 60 | AJ73: =ROUND((AI73 - MIN(AI$2:AI$98)) / (MAX(AI$2:AI$98) - MIN(AI$2:AI$98)), 1) -> 0.7 | AK73: 0 | AL73: 0 | AM73: 0 | AN73: 0 | AO73: =ROUND((AP73 - MIN($AP$2:$AP2054)) / (MAX($AP$2:$AP2054) - MIN($AP$2:$AP2054)), 1) -> 0 | AP73: 0 | AQ73: =ROUND((AR73 - MIN($AR$2:$AR2059)) / (MAX($AR$2:$AR2059) - MIN($AR$2:$AR2059)), 1) -> 0.3 | AR73: 3.5 | AS73: 0 | AT73: 0 | AU73: 0 | AV73: 0 | AW73: 30 | AX73: 0.3 | AY73: 0 | AZ73: =(AP73 - MIN($AP$2:$AP$964)) / (MAX($AP$2:$AP$964) - MIN($AP$2:$AP$964)) -> 0 | BA73: 0 | BB73: 0 | BC73: 0 | BD73: 0 | BE73: 7 | BF73: =ROUND((BE73 - MIN(BE$2:BE$174)) / (MAX(BE$2:BE$174) - MIN(BE$2:BE$174)), 1) -> 0.3 | BG73: =IF(AND(K73>=800,V73>=145),3,IF(K73>=400,1,2)) -> 2 | BH73: 6 | BI73: =ROUND((BH73 - MIN(BH$2:BH$174)) / (MAX(BH$2:BH$174) - MIN(BH$2:BH$174)), 1) -> 0 | BJ73: 7 | BK73: 0.71 | BL73: 7 | BM73: 0.33 | BN73: 0 | BO73: 0 | BP73: =ROUND((0.35 * L73) + (0.25 * W73) + (0.15 * U73) + (0.15 * BF73) + (0.1 * AJ73), 1) -> 0.3 | BQ73: 0 | BR73: 0 | BS73: =(0.45*L73 + 0.35*M73 + 0.12*AJ73 + 0.08*BF73) * (1 - BR73) -> 0.153 | BT73: 0 | BU73: 0 | BV73: 46.45 | BW73: 0.056 | BX73: =D73 * ( BP73*0.4 + L73*0.25 + W73*0.15 + AX73*0.1 + BF73*0.1 ) * 100 -> 29.5 | BY73: =E:E*(BQ:BQ*0.35+AT:AT*0.3+AV:AV*0.15+AN:AN*0.1+AO:AO*0.1)*100 -> 0 | BZ73: =ROUND(IF(N(F73)=1, MAX(0, ( (N(BN73)/18)*0.6 + (N(BF73)/10)*0.25 + N(AX73)*0.15 ) * 100 ), 0 ),3) -> 0 | CA73: =ROUND(G:G*(BO:BO*0.45+AZ:AZ*0.3+BB:BB*0.15+BF:BF*0.1)*100,3) -> 0 | CB73: =BX:BX+BY:BY+BZ:BZ + CA:CA -> 29.5 | CC73: =ROUND(0.7 + (BR:BR* 0.2) + (BS:BS * 0.1),3) -> 0.715 | CD73: =ROUND(CB:CB* CC:CC, 2) -> 21.09 | CE73: =ROUND( 1 - ( (D:D * 0.25) + (E:E* 0.2) + (F:F* 0.15) + (G:G* 0.1) ) * AQ:AQ, 3 ) -> 0.925 | CF73: =ROUND( CD:CD* CE:CE, 2 ) -> 19.51 | CG73: =RANK(CF73,CF:CF) -> 157
A74: 1206051 | B74: Shai Hope | C74: Batsman | D74: 1 | E74: 0 | F74: 0 | G74: 0 | H74: 9 | I74: 24 | J74: =ROUND((K74 - MIN($K$2:$K$98)) / (MAX($K$2:$K$98) - MIN($K$2:$K$98)), 1) -> 0.1 | K74: 183 | L74: 0.1 | M74: 0 | N74: Opener | O74: 2 | P74: West Indies | Q74: 1 | R74: 29 | S74: 41 | T74: 22.88 | U74: =ROUND((T74 - MIN(T$2:T$98)) / (MAX(T$2:T$98) - MIN(T$2:T$98)), 1) -> 0.4 | V74: 150 | W74: =ROUND((V74 - MIN(V$2:V$98)) / (MAX(V$2:V$98) - MIN(V$2:V$98)), 1) -> 0.6 | X74: 12 | Y74: 12 | Z74: 0 | AA74: 0 | AB74: 0 | AC74: =IF(AB74>AD74, 3,IF(AB74<AD74, 1, 2)) -> 2 | AD74: 0 | AE74: 0.5 | AF74: 0.0125 | AG74: 7 | AH74: 0.003 | AI74: 65 | AJ74: =ROUND((AI74 - MIN(AI$2:AI$98)) / (MAX(AI$2:AI$98) - MIN(AI$2:AI$98)), 1) -> 0.8 | AK74: 0 | AL74: 0 | AM74: 0 | AN74: 0 | AO74: =ROUND((AP74 - MIN($AP$2:$AP2055)) / (MAX($AP$2:$AP2055) - MIN($AP$2:$AP2055)), 1) -> 0 | AP74: 0 | AQ74: =ROUND((AR74 - MIN($AR$2:$AR2060)) / (MAX($AR$2:$AR2060) - MIN($AR$2:$AR2060)), 1) -> 0.3 | AR74: 3.5 | AS74: 0 | AT74: 0 | AU74: 0 | AV74: 0 | AW74: 26 | AX74: 0.3 | AY74: 0 | AZ74: =(AP74 - MIN($AP$2:$AP$964)) / (MAX($AP$2:$AP$964) - MIN($AP$2:$AP$964)) -> 0 | BA74: 0 | BB74: 0 | BC74: 0 | BD74: 0 | BE74: 6.5 | BF74: =ROUND((BE74 - MIN(BE$2:BE$174)) / (MAX(BE$2:BE$174) - MIN(BE$2:BE$174)), 1) -> 0.1 | BG74: =IF(AND(K74>=800,V74>=145),3,IF(K74>=400,1,2)) -> 2 | BH74: 7 | BI74: =ROUND((BH74 - MIN(BH$2:BH$174)) / (MAX(BH$2:BH$174) - MIN(BH$2:BH$174)), 1) -> 0.3 | BJ74: 8 | BK74: 0.86 | BL74: 6 | BM74: 0 | BN74: 0 | BO74: 0 | BP74: =ROUND((0.35 * L74) + (0.25 * W74) + (0.15 * U74) + (0.15 * BF74) + (0.1 * AJ74), 1) -> 0.3 | BQ74: 0 | BR74: 0 | BS74: =(0.45*L74 + 0.35*M74 + 0.12*AJ74 + 0.08*BF74) * (1 - BR74) -> 0.149 | BT74: 0 | BU74: 0 | BV74: 60.6 | BW74: 0.071 | BX74: =D74 * ( BP74*0.4 + L74*0.25 + W74*0.15 + AX74*0.1 + BF74*0.1 ) * 100 -> 27.5 | BY74: =E:E*(BQ:BQ*0.35+AT:AT*0.3+AV:AV*0.15+AN:AN*0.1+AO:AO*0.1)*100 -> 0 | BZ74: =ROUND(IF(N(F74)=1, MAX(0, ( (N(BN74)/18)*0.6 + (N(BF74)/10)*0.25 + N(AX74)*0.15 ) * 100 ), 0 ),3) -> 0 | CA74: =ROUND(G:G*(BO:BO*0.45+AZ:AZ*0.3+BB:BB*0.15+BF:BF*0.1)*100,3) -> 0 | CB74: =BX:BX+BY:BY+BZ:BZ + CA:CA -> 27.5 | CC74: =ROUND(0.7 + (BR:BR* 0.2) + (BS:BS * 0.1),3) -> 0.715 | CD74: =ROUND(CB:CB* CC:CC, 2) -> 19.66 | CE74: =ROUND( 1 - ( (D:D * 0.25) + (E:E* 0.2) + (F:F* 0.15) + (G:G* 0.1) ) * AQ:AQ, 3 ) -> 0.925 | CF74: =ROUND( CD:CD* CE:CE, 2 ) -> 18.19 | CG74: =RANK(CF74,CF:CF) -> 165
A75: 1305523 | B75: Rahmanullah Gurbaz | C75: Batsman | D75: 1 | E75: 0 | F75: 0 | G75: 0 | H75: 13 | I75: 20 | J75: =ROUND((K75 - MIN($K$2:$K$98)) / (MAX($K$2:$K$98) - MIN($K$2:$K$98)), 1) -> 0.2 | K75: 289 | L75: 0.1 | M75: 0 | N75: Opener | O75: 3 | P75: Afghanistan | Q75: 1 | R75: 23 | S75: 81 | T75: 22.23 | U75: =ROUND((T75 - MIN(T$2:T$98)) / (MAX(T$2:T$98) - MIN(T$2:T$98)), 1) -> 0.4 | V75: 133.8 | W75: =ROUND((V75 - MIN(V$2:V$98)) / (MAX(V$2:V$98) - MIN(V$2:V$98)), 1) -> 0.5 | X75: 24 | Y75: 19 | Z75: 0 | AA75: 2 | AB75: 0 | AC75: =IF(AB75>AD75, 3,IF(AB75<AD75, 1, 2)) -> 2 | AD75: 0 | AE75: 0.6 | AF75: 0.015 | AG75: 7 | AH75: 0.003 | AI75: 60 | AJ75: =ROUND((AI75 - MIN(AI$2:AI$98)) / (MAX(AI$2:AI$98) - MIN(AI$2:AI$98)), 1) -> 0.7 | AK75: 0 | AL75: 0 | AM75: 0 | AN75: 0 | AO75: =ROUND((AP75 - MIN($AP$2:$AP2056)) / (MAX($AP$2:$AP2056) - MIN($AP$2:$AP2056)), 1) -> 0 | AP75: 0 | AQ75: =ROUND((AR75 - MIN($AR$2:$AR2061)) / (MAX($AR$2:$AR2061) - MIN($AR$2:$AR2061)), 1) -> 0.1 | AR75: 2.5 | AS75: 0 | AT75: 0 | AU75: 0 | AV75: 0 | AW75: 29 | AX75: 0.3 | AY75: 0 | AZ75: =(AP75 - MIN($AP$2:$AP$964)) / (MAX($AP$2:$AP$964) - MIN($AP$2:$AP$964)) -> 0 | BA75: 0 | BB75: 0 | BC75: 0 | BD75: 0 | BE75: 6.5 | BF75: =ROUND((BE75 - MIN(BE$2:BE$174)) / (MAX(BE$2:BE$174) - MIN(BE$2:BE$174)), 1) -> 0.1 | BG75: =IF(AND(K75>=800,V75>=145),3,IF(K75>=400,1,2)) -> 2 | BH75: 6 | BI75: =ROUND((BH75 - MIN(BH$2:BH$174)) / (MAX(BH$2:BH$174) - MIN(BH$2:BH$174)), 1) -> 0 | BJ75: 6 | BK75: 0.57 | BL75: 7 | BM75: 0.33 | BN75: 0 | BO75: 0 | BP75: =ROUND((0.35 * L75) + (0.25 * W75) + (0.15 * U75) + (0.15 * BF75) + (0.1 * AJ75), 1) -> 0.3 | BQ75: 0 | BR75: 0 | BS75: =(0.45*L75 + 0.35*M75 + 0.12*AJ75 + 0.08*BF75) * (1 - BR75) -> 0.137 | BT75: 0 | BU75: 0 | BV75: 38.15 | BW75: 0.047 | BX75: =D75 * ( BP75*0.4 + L75*0.25 + W75*0.15 + AX75*0.1 + BF75*0.1 ) * 100 -> 26 | BY75: =E:E*(BQ:BQ*0.35+AT:AT*0.3+AV:AV*0.15+AN:AN*0.1+AO:AO*0.1)*100 -> 0 | BZ75: =ROUND(IF(N(F75)=1, MAX(0, ( (N(BN75)/18)*0.6 + (N(BF75)/10)*0.25 + N(AX75)*0.15 ) * 100 ), 0 ),3) -> 0 | CA75: =ROUND(G:G*(BO:BO*0.45+AZ:AZ*0.3+BB:BB*0.15+BF:BF*0.1)*100,3) -> 0 | CB75: =BX:BX+BY:BY+BZ:BZ + CA:CA -> 26 | CC75: =ROUND(0.7 + (BR:BR* 0.2) + (BS:BS * 0.1),3) -> 0.714 | CD75: =ROUND(CB:CB* CC:CC, 2) -> 18.56 | CE75: =ROUND( 1 - ( (D:D * 0.25) + (E:E* 0.2) + (F:F* 0.15) + (G:G* 0.1) ) * AQ:AQ, 3 ) -> 0.975 | CF75: =ROUND( CD:CD* CE:CE, 2 ) -> 18.1 | CG75: =RANK(CF75,CF:CF) -> 169
A76: 592273 | B76: Naman Dhir | C76: Batsman | D76: 1 | E76: 0 | F76: 0 | G76: 0 | H76: 7 | I76: 22 | J76: =ROUND((K76 - MIN($K$2:$K$98)) / (MAX($K$2:$K$98) - MIN($K$2:$K$98)), 1) -> 0.1 | K76: 140 | L76: 0.1 | M76: 0 | N76: Middle | O76: 1 | P76: India | Q76: 0 | R76: 23 | S76: 62 | T76: 23.33 | U76: =ROUND((T76 - MIN(T$2:T$98)) / (MAX(T$2:T$98) - MIN(T$2:T$98)), 1) -> 0.4 | V76: 177.22 | W76: =ROUND((V76 - MIN(V$2:V$98)) / (MAX(V$2:V$98) - MIN(V$2:V$98)), 1) -> 0.7 | X76: 12 | Y76: 10 | Z76: 0 | AA76: 1 | AB76: 0 | AC76: =IF(AB76>AD76, 3,IF(AB76<AD76, 1, 2)) -> 2 | AD76: 0 | AE76: 0.6 | AF76: 0.015 | AG76: 6.5 | AH76: 0.003 | AI76: 45 | AJ76: =ROUND((AI76 - MIN(AI$2:AI$98)) / (MAX(AI$2:AI$98) - MIN(AI$2:AI$98)), 1) -> 0.5 | AK76: 0 | AL76: 0 | AM76: 0 | AN76: 0 | AO76: =ROUND((AP76 - MIN($AP$2:$AP2057)) / (MAX($AP$2:$AP2057) - MIN($AP$2:$AP2057)), 1) -> 0 | AP76: 0 | AQ76: =ROUND((AR76 - MIN($AR$2:$AR2062)) / (MAX($AR$2:$AR2062) - MIN($AR$2:$AR2062)), 1) -> 0 | AR76: 2 | AS76: 0 | AT76: 0 | AU76: 0 | AV76: 0 | AW76: 22 | AX76: 0.3 | AY76: 0 | AZ76: =(AP76 - MIN($AP$2:$AP$964)) / (MAX($AP$2:$AP$964) - MIN($AP$2:$AP$964)) -> 0 | BA76: 0 | BB76: 0 | BC76: 0 | BD76: 0 | BE76: 7.5 | BF76: =ROUND((BE76 - MIN(BE$2:BE$174)) / (MAX(BE$2:BE$174) - MIN(BE$2:BE$174)), 1) -> 0.4 | BG76: =IF(AND(K76>=800,V76>=145),3,IF(K76>=400,1,2)) -> 2 | BH76: 7 | BI76: =ROUND((BH76 - MIN(BH$2:BH$174)) / (MAX(BH$2:BH$174) - MIN(BH$2:BH$174)), 1) -> 0.3 | BJ76: 8 | BK76: 0.86 | BL76: 6 | BM76: 0 | BN76: 0 | BO76: 0 | BP76: =ROUND((0.35 * L76) + (0.25 * W76) + (0.15 * U76) + (0.15 * BF76) + (0.1 * AJ76), 1) -> 0.4 | BQ76: 0 | BR76: 0 | BS76: =(0.45*L76 + 0.35*M76 + 0.12*AJ76 + 0.08*BF76) * (1 - BR76) -> 0.137 | BT76: 0 | BU76: 0 | BV76: 63 | BW76: 0.074 | BX76: =D76 * ( BP76*0.4 + L76*0.25 + W76*0.15 + AX76*0.1 + BF76*0.1 ) * 100 -> 36 | BY76: =E:E*(BQ:BQ*0.35+AT:AT*0.3+AV:AV*0.15+AN:AN*0.1+AO:AO*0.1)*100 -> 0 | BZ76: =ROUND(IF(N(F76)=1, MAX(0, ( (N(BN76)/18)*0.6 + (N(BF76)/10)*0.25 + N(AX76)*0.15 ) * 100 ), 0 ),3) -> 0 | CA76: =ROUND(G:G*(BO:BO*0.45+AZ:AZ*0.3+BB:BB*0.15+BF:BF*0.1)*100,3) -> 0 | CB76: =BX:BX+BY:BY+BZ:BZ + CA:CA -> 36 | CC76: =ROUND(0.7 + (BR:BR* 0.2) + (BS:BS * 0.1),3) -> 0.714 | CD76: =ROUND(CB:CB* CC:CC, 2) -> 25.7 | CE76: =ROUND( 1 - ( (D:D * 0.25) + (E:E* 0.2) + (F:F* 0.15) + (G:G* 0.1) ) * AQ:AQ, 3 ) -> 1 | CF76: =ROUND( CD:CD* CE:CE, 2 ) -> 25.7 | CG76: =RANK(CF76,CF:CF) -> 124
A77: 959767 | B77: Lalit Yadav | C77: Batsman | D77: 1 | E77: 1 | F77: 0 | G77: 0 | H77: 8 | I77: 21 | J77: =ROUND((K77 - MIN($K$2:$K$98)) / (MAX($K$2:$K$98) - MIN($K$2:$K$98)), 1) -> 0.1 | K77: 76 | L77: 0.1 | M77: 0.1 | N77: Middle | O77: 1 | P77: India | Q77: 0 | R77: 26 | S77: 38 | T77: 10.86 | U77: =ROUND((T77 - MIN(T$2:T$98)) / (MAX(T$2:T$98) - MIN(T$2:T$98)), 1) -> 0.2 | V77: 107.04 | W77: =ROUND((V77 - MIN(V$2:V$98)) / (MAX(V$2:V$98) - MIN(V$2:V$98)), 1) -> 0.4 | X77: 9 | Y77: 0 | Z77: 0 | AA77: 0 | AB77: 0 | AC77: =IF(AB77>AD77, 3,IF(AB77<AD77, 1, 2)) -> 2 | AD77: 0 | AE77: 0.6 | AF77: 0.015 | AG77: 6 | AH77: 0.003 | AI77: 45 | AJ77: =ROUND((AI77 - MIN(AI$2:AI$98)) / (MAX(AI$2:AI$98) - MIN(AI$2:AI$98)), 1) -> 0.5 | AK77: 2 | AL77: 16 | AM77: 10.88 | AN77: 0.2 | AO77: 0.9 | AP77: 8.5 | AQ77: =ROUND((AR77 - MIN($AR$2:$AR2063)) / (MAX($AR$2:$AR2063) - MIN($AR$2:$AR2063)), 1) -> 0.1 | AR77: 2.5 | AS77: 0.5 | AT77: 0.33 | AU77: 34 | AV77: 0.5 | AW77: 18 | AX77: 0.2 | AY77: 0 | AZ77: 0 | BA77: 0 | BB77: 0 | BC77: 16 | BD77: 87 | BE77: 7.5 | BF77: =ROUND((BE77 - MIN(BE$2:BE$174)) / (MAX(BE$2:BE$174) - MIN(BE$2:BE$174)), 1) -> 0.4 | BG77: =IF(AND(K77>=800,V77>=145),3,IF(K77>=400,1,2)) -> 2 | BH77: 6 | BI77: =ROUND((BH77 - MIN(BH$2:BH$174)) / (MAX(BH$2:BH$174) - MIN(BH$2:BH$174)), 1) -> 0 | BJ77: 7 | BK77: 0.71 | BL77: 6 | BM77: 0 | BN77: 0 | BO77: 0 | BP77: =ROUND((0.35 * L77) + (0.25 * W77) + (0.15 * U77) + (0.15 * BF77) + (0.1 * AJ77), 1) -> 0.3 | BQ77: 0.2 | BR77: 0 | BS77: =(0.45*L77 + 0.35*M77 + 0.12*AJ77 + 0.08*BF77) * (1 - BR77) -> 0.172 | BT77: 0 | BU77: 0 | BV77: 50.75 | BW77: 0.06 | BX77: =D77 * ( BP77*0.4 + L77*0.25 + W77*0.15 + AX77*0.1 + BF77*0.1 ) * 100 -> 26.5 | BY77: =E:E*(BQ:BQ*0.35+AT:AT*0.3+AV:AV*0.15+AN:AN*0.1+AO:AO*0.1)*100 -> 35.4 | BZ77: =ROUND(IF(N(F77)=1, MAX(0, ( (N(BN77)/18)*0.6 + (N(BF77)/10)*0.25 + N(AX77)*0.15 ) * 100 ), 0 ),3) -> 0 | CA77: =ROUND(G:G*(BO:BO*0.45+AZ:AZ*0.3+BB:BB*0.15+BF:BF*0.1)*100,3) -> 0 | CB77: =BX:BX+BY:BY+BZ:BZ + CA:CA -> 61.9 | CC77: =ROUND(0.7 + (BR:BR* 0.2) + (BS:BS * 0.1),3) -> 0.717 | CD77: =ROUND(CB:CB* CC:CC, 2) -> 44.38 | CE77: =ROUND( 1 - ( (D:D * 0.25) + (E:E* 0.2) + (F:F* 0.15) + (G:G* 0.1) ) * AQ:AQ, 3 ) -> 0.955 | CF77: =ROUND( CD:CD* CE:CE, 2 ) -> 42.38 | CG77: =RANK(CF77,CF:CF) -> 43
A78: 1159711 | B78: Ashutosh Sharma | C78: Batsman | D78: 1 | E78: 0 | F78: 0 | G78: 0 | H78: 9 | I78: 10 | J78: =ROUND((K78 - MIN($K$2:$K$98)) / (MAX($K$2:$K$98) - MIN($K$2:$K$98)), 1) -> 0.1 | K78: 189 | L78: 0.1 | M78: 0 | N78: Middle | O78: 2 | P78: India | Q78: 0 | R78: 24 | S78: 61 | T78: 27 | U78: =ROUND((T78 - MIN(T$2:T$98)) / (MAX(T$2:T$98) - MIN(T$2:T$98)), 1) -> 0.5 | V78: 167.26 | W78: =ROUND((V78 - MIN(V$2:V$98)) / (MAX(V$2:V$98) - MIN(V$2:V$98)), 1) -> 0.7 | X78: 10 | Y78: 15 | Z78: 0 | AA78: 1 | AB78: 0 | AC78: =IF(AB78>AD78, 3,IF(AB78<AD78, 1, 2)) -> 2 | AD78: 0 | AE78: 0.6 | AF78: 0.015 | AG78: 6.5 | AH78: 0.011 | AI78: 45 | AJ78: =ROUND((AI78 - MIN(AI$2:AI$98)) / (MAX(AI$2:AI$98) - MIN(AI$2:AI$98)), 1) -> 0.5 | AK78: 0 | AL78: 0 | AM78: 0 | AN78: 0 | AO78: =ROUND((AP78 - MIN($AP$2:$AP2050)) / (MAX($AP$2:$AP2050) - MIN($AP$2:$AP2050)), 1) -> 0 | AP78: 0 | AQ78: =ROUND((AR78 - MIN($AR$2:$AR2064)) / (MAX($AR$2:$AR2064) - MIN($AR$2:$AR2064)), 1) -> 0 | AR78: 2 | AS78: 0 | AT78: 0 | AU78: 0 | AV78: 0 | AW78: 22 | AX78: 0.2 | AY78: 0 | AZ78: =(AP78 - MIN($AP$2:$AP$964)) / (MAX($AP$2:$AP$964) - MIN($AP$2:$AP$964)) -> 0 | BA78: 0 | BB78: 0 | BC78: 0 | BD78: 0 | BE78: 7 | BF78: =ROUND((BE78 - MIN(BE$2:BE$174)) / (MAX(BE$2:BE$174) - MIN(BE$2:BE$174)), 1) -> 0.3 | BG78: =IF(AND(K78>=800,V78>=145),3,IF(K78>=400,1,2)) -> 2 | BH78: 7 | BI78: =ROUND((BH78 - MIN(BH$2:BH$174)) / (MAX(BH$2:BH$174) - MIN(BH$2:BH$174)), 1) -> 0.3 | BJ78: 5 | BK78: 0.43 | BL78: 6 | BM78: 0 | BN78: 0 | BO78: 0 | BP78: =ROUND((0.35 * L78) + (0.25 * W78) + (0.15 * U78) + (0.15 * BF78) + (0.1 * AJ78), 1) -> 0.4 | BQ78: 0 | BR78: 0 | BS78: =(0.45*L78 + 0.35*M78 + 0.12*AJ78 + 0.08*BF78) * (1 - BR78) -> 0.129 | BT78: 0 | BU78: 0 | BV78: 40.55 | BW78: 0.049 | BX78: =D78 * ( BP78*0.4 + L78*0.25 + W78*0.15 + AX78*0.1 + BF78*0.1 ) * 100 -> 34 | BY78: =E:E*(BQ:BQ*0.35+AT:AT*0.3+AV:AV*0.15+AN:AN*0.1+AO:AO*0.1)*100 -> 0 | BZ78: =ROUND(IF(N(F78)=1, MAX(0, ( (N(BN78)/18)*0.6 + (N(BF78)/10)*0.25 + N(AX78)*0.15 ) * 100 ), 0 ),3) -> 0 | CA78: =ROUND(G:G*(BO:BO*0.45+AZ:AZ*0.3+BB:BB*0.15+BF:BF*0.1)*100,3) -> 0 | CB78: =BX:BX+BY:BY+BZ:BZ + CA:CA -> 34 | CC78: =ROUND(0.7 + (BR:BR* 0.2) + (BS:BS * 0.1),3) -> 0.713 | CD78: =ROUND(CB:CB* CC:CC, 2) -> 24.24 | CE78: =ROUND( 1 - ( (D:D * 0.25) + (E:E* 0.2) + (F:F* 0.15) + (G:G* 0.1) ) * AQ:AQ, 3 ) -> 1 | CF78: =ROUND( CD:CD* CE:CE, 2 ) -> 24.24 | CG78: =RANK(CF78,CF:CF) -> 131
A79: 460793 | B79: Anmolpreet Singh | C79: Batsman | D79: 1 | E79: 0 | F79: 0 | G79: 0 | H79: 6 | I79: 19 | J79: =ROUND((K79 - MIN($K$2:$K$98)) / (MAX($K$2:$K$98) - MIN($K$2:$K$98)), 1) -> 0.1 | K79: 110 | L79: 0.1 | M79: 0 | N79: Middle | O79: 2 | P79: India | Q79: 0 | R79: 25 | S79: 36 | T79: 18.33 | U79: =ROUND((T79 - MIN(T$2:T$98)) / (MAX(T$2:T$98) - MIN(T$2:T$98)), 1) -> 0.3 | V79: 125 | W79: =ROUND((V79 - MIN(V$2:V$98)) / (MAX(V$2:V$98) - MIN(V$2:V$98)), 1) -> 0.5 | X79: 16 | Y79: 2 | Z79: 0 | AA79: 0 | AB79: 0 | AC79: =IF(AB79>AD79, 3,IF(AB79<AD79, 1, 2)) -> 2 | AD79: 0 | AE79: 0.6 | AF79: 0.015 | AG79: 7 | AH79: 0.012 | AI79: 45 | AJ79: =ROUND((AI79 - MIN(AI$2:AI$98)) / (MAX(AI$2:AI$98) - MIN(AI$2:AI$98)), 1) -> 0.5 | AK79: 0 | AL79: 0 | AM79: 0 | AN79: 0 | AO79: =ROUND((AP79 - MIN($AP$2:$AP2051)) / (MAX($AP$2:$AP2051) - MIN($AP$2:$AP2051)), 1) -> 0 | AP79: 0 | AQ79: =ROUND((AR79 - MIN($AR$2:$AR2065)) / (MAX($AR$2:$AR2065) - MIN($AR$2:$AR2065)), 1) -> 0.1 | AR79: 2.5 | AS79: 0 | AT79: 0 | AU79: 0 | AV79: 0 | AW79: 20 | AX79: 0.2 | AY79: 0 | AZ79: =(AP79 - MIN($AP$2:$AP$964)) / (MAX($AP$2:$AP$964) - MIN($AP$2:$AP$964)) -> 0 | BA79: 0 | BB79: 0 | BC79: 0 | BD79: 0 | BE79: 7.5 | BF79: =ROUND((BE79 - MIN(BE$2:BE$174)) / (MAX(BE$2:BE$174) - MIN(BE$2:BE$174)), 1) -> 0.4 | BG79: =IF(AND(K79>=800,V79>=145),3,IF(K79>=400,1,2)) -> 2 | BH79: 6 | BI79: =ROUND((BH79 - MIN(BH$2:BH$174)) / (MAX(BH$2:BH$174) - MIN(BH$2:BH$174)), 1) -> 0 | BJ79: 5 | BK79: 0.43 | BL79: 6 | BM79: 0 | BN79: 0 | BO79: 0 | BP79: =ROUND((0.35 * L79) + (0.25 * W79) + (0.15 * U79) + (0.15 * BF79) + (0.1 * AJ79), 1) -> 0.3 | BQ79: 0 | BR79: 0 | BS79: =(0.45*L79 + 0.35*M79 + 0.12*AJ79 + 0.08*BF79) * (1 - BR79) -> 0.137 | BT79: 0 | BU79: 0 | BV79: 37.35 | BW79: 0.046 | BX79: =D79 * ( BP79*0.4 + L79*0.25 + W79*0.15 + AX79*0.1 + BF79*0.1 ) * 100 -> 28 | BY79: =E:E*(BQ:BQ*0.35+AT:AT*0.3+AV:AV*0.15+AN:AN*0.1+AO:AO*0.1)*100 -> 0 | BZ79: =ROUND(IF(N(F79)=1, MAX(0, ( (N(BN79)/18)*0.6 + (N(BF79)/10)*0.25 + N(AX79)*0.15 ) * 100 ), 0 ),3) -> 0 | CA79: =ROUND(G:G*(BO:BO*0.45+AZ:AZ*0.3+BB:BB*0.15+BF:BF*0.1)*100,3) -> 0 | CB79: =BX:BX+BY:BY+BZ:BZ + CA:CA -> 28 | CC79: =ROUND(0.7 + (BR:BR* 0.2) + (BS:BS * 0.1),3) -> 0.714 | CD79: =ROUND(CB:CB* CC:CC, 2) -> 19.99 | CE79: =ROUND( 1 - ( (D:D * 0.25) + (E:E* 0.2) + (F:F* 0.15) + (G:G* 0.1) ) * AQ:AQ, 3 ) -> 0.975 | CF79: =ROUND( CD:CD* CE:CE, 2 ) -> 19.49 | CG79: =RANK(CF79,CF:CF) -> 158
A80: 1212213 | B80: Angkrish Raghuvanshi | C80: Batsman | D80: 1 | E80: 0 | F80: 0 | G80: 0 | H80: 7 | I80: 12 | J80: =ROUND((K80 - MIN($K$2:$K$98)) / (MAX($K$2:$K$98) - MIN($K$2:$K$98)), 1) -> 0.1 | K80: 163 | L80: 0.1 | M80: 0 | N80: Middle | O80: 2 | P80: India | Q80: 0 | R80: 21 | S80: 54 | T80: 23.29 | U80: =ROUND((T80 - MIN(T$2:T$98)) / (MAX(T$2:T$98) - MIN(T$2:T$98)), 1) -> 0.4 | V80: 155.24 | W80: =ROUND((V80 - MIN(V$2:V$98)) / (MAX(V$2:V$98) - MIN(V$2:V$98)), 1) -> 0.6 | X80: 16 | Y80: 8 | Z80: 0 | AA80: 1 | AB80: 0 | AC80: =IF(AB80>AD80, 3,IF(AB80<AD80, 1, 2)) -> 2 | AD80: 0 | AE80: 0.5 | AF80: 0.0125 | AG80: 6 | AH80: 0.011 | AI80: 45 | AJ80: =ROUND((AI80 - MIN(AI$2:AI$98)) / (MAX(AI$2:AI$98) - MIN(AI$2:AI$98)), 1) -> 0.5 | AK80: 0 | AL80: 0 | AM80: 0 | AN80: 0 | AO80: =ROUND((AP80 - MIN($AP$2:$AP2052)) / (MAX($AP$2:$AP2052) - MIN($AP$2:$AP2052)), 1) -> 0 | AP80: 0 | AQ80: =ROUND((AR80 - MIN($AR$2:$AR2066)) / (MAX($AR$2:$AR2066) - MIN($AR$2:$AR2066)), 1) -> 0 | AR80: 2 | AS80: 0 | AT80: 0 | AU80: 0 | AV80: 0 | AW80: 18 | AX80: 0.2 | AY80: 0 | AZ80: =(AP80 - MIN($AP$2:$AP$964)) / (MAX($AP$2:$AP$964) - MIN($AP$2:$AP$964)) -> 0 | BA80: 0 | BB80: 0 | BC80: 0 | BD80: 0 | BE80: 7.5 | BF80: =ROUND((BE80 - MIN(BE$2:BE$174)) / (MAX(BE$2:BE$174) - MIN(BE$2:BE$174)), 1) -> 0.4 | BG80: =IF(AND(K80>=800,V80>=145),3,IF(K80>=400,1,2)) -> 2 | BH80: 6 | BI80: =ROUND((BH80 - MIN(BH$2:BH$174)) / (MAX(BH$2:BH$174) - MIN(BH$2:BH$174)), 1) -> 0 | BJ80: 5 | BK80: 0.43 | BL80: 6 | BM80: 0 | BN80: 0 | BO80: 0 | BP80: =ROUND((0.35 * L80) + (0.25 * W80) + (0.15 * U80) + (0.15 * BF80) + (0.1 * AJ80), 1) -> 0.4 | BQ80: 0 | BR80: 0 | BS80: =(0.45*L80 + 0.35*M80 + 0.12*AJ80 + 0.08*BF80) * (1 - BR80) -> 0.137 | BT80: 0 | BU80: 0 | BV80: 37.35 | BW80: 0.046 | BX80: =D80 * ( BP80*0.4 + L80*0.25 + W80*0.15 + AX80*0.1 + BF80*0.1 ) * 100 -> 33.5 | BY80: =E:E*(BQ:BQ*0.35+AT:AT*0.3+AV:AV*0.15+AN:AN*0.1+AO:AO*0.1)*100 -> 0 | BZ80: =ROUND(IF(N(F80)=1, MAX(0, ( (N(BN80)/18)*0.6 + (N(BF80)/10)*0.25 + N(AX80)*0.15 ) * 100 ), 0 ),3) -> 0 | CA80: =ROUND(G:G*(BO:BO*0.45+AZ:AZ*0.3+BB:BB*0.15+BF:BF*0.1)*100,3) -> 0 | CB80: =BX:BX+BY:BY+BZ:BZ + CA:CA -> 33.5 | CC80: =ROUND(0.7 + (BR:BR* 0.2) + (BS:BS * 0.1),3) -> 0.714 | CD80: =ROUND(CB:CB* CC:CC, 2) -> 23.92 | CE80: =ROUND( 1 - ( (D:D * 0.25) + (E:E* 0.2) + (F:F* 0.15) + (G:G* 0.1) ) * AQ:AQ, 3 ) -> 1 | CF80: =ROUND( CD:CD* CE:CE, 2 ) -> 23.92 | CG80: =RANK(CF80,CF:CF) -> 133
A81: 600498 | B81: Krishnappa Gowtham | C81: Batsman | D81: 1 | E81: 1 | F81: 0 | G81: 0 | H81: 7 | I81: 9 | J81: =ROUND((K81 - MIN($K$2:$K$98)) / (MAX($K$2:$K$98) - MIN($K$2:$K$98)), 1) -> 0 | K81: 61 | L81: 0.1 | M81: 0 | N81: Middle | O81: 2 | P81: India | Q81: 0 | R81: 34 | S81: 23 | T81: 15.25 | U81: =ROUND((T81 - MIN(T$2:T$98)) / (MAX(T$2:T$98) - MIN(T$2:T$98)), 1) -> 0.3 | V81: 164.86 | W81: =ROUND((V81 - MIN(V$2:V$98)) / (MAX(V$2:V$98) - MIN(V$2:V$98)), 1) -> 0.7 | X81: 2 | Y81: 5 | Z81: 0 | AA81: 0 | AB81: 0 | AC81: =IF(AB81>AD81, 3,IF(AB81<AD81, 1, 2)) -> 2 | AD81: 0 | AE81: 0.6 | AF81: 0.015 | AG81: 6.5 | AH81: 0.013 | AI81: 50 | AJ81: =ROUND((AI81 - MIN(AI$2:AI$98)) / (MAX(AI$2:AI$98) - MIN(AI$2:AI$98)), 1) -> 0.6 | AK81: 3 | AL81: 18 | AM81: 8.17 | AN81: 0.8 | AO81: 0.9 | AP81: 8.5 | AQ81: =ROUND((AR81 - MIN($AR$2:$AR2067)) / (MAX($AR$2:$AR2067) - MIN($AR$2:$AR2067)), 1) -> 0.3 | AR81: 4 | AS81: 0.5 | AT81: 0.33 | AU81: 33 | AV81: 0.5 | AW81: 20 | AX81: 0.2 | AY81: 0 | AZ81: 0 | BA81: 0 | BB81: 0 | BC81: 18 | BD81: 49 | BE81: 7 | BF81: =ROUND((BE81 - MIN(BE$2:BE$174)) / (MAX(BE$2:BE$174) - MIN(BE$2:BE$174)), 1) -> 0.3 | BG81: =IF(AND(K81>=800,V81>=145),3,IF(K81>=400,1,2)) -> 2 | BH81: 7 | BI81: =ROUND((BH81 - MIN(BH$2:BH$174)) / (MAX(BH$2:BH$174) - MIN(BH$2:BH$174)), 1) -> 0.3 | BJ81: 6 | BK81: 0.57 | BL81: 6 | BM81: 0 | BN81: 0 | BO81: 0 | BP81: =ROUND((0.35 * L81) + (0.25 * W81) + (0.15 * U81) + (0.15 * BF81) + (0.1 * AJ81), 1) -> 0.4 | BQ81: 0.3 | BR81: 0 | BS81: =(0.45*L81 + 0.35*M81 + 0.12*AJ81 + 0.08*BF81) * (1 - BR81) -> 0.141 | BT81: 0 | BU81: 0 | BV81: 47.25 | BW81: 0.057 | BX81: =D81 * ( BP81*0.4 + L81*0.25 + W81*0.15 + AX81*0.1 + BF81*0.1 ) * 100 -> 34 | BY81: =E:E*(BQ:BQ*0.35+AT:AT*0.3+AV:AV*0.15+AN:AN*0.1+AO:AO*0.1)*100 -> 44.9 | BZ81: =ROUND(IF(N(F81)=1, MAX(0, ( (N(BN81)/18)*0.6 + (N(BF81)/10)*0.25 + N(AX81)*0.15 ) * 100 ), 0 ),3) -> 0 | CA81: =ROUND(G:G*(BO:BO*0.45+AZ:AZ*0.3+BB:BB*0.15+BF:BF*0.1)*100,3) -> 0 | CB81: =BX:BX+BY:BY+BZ:BZ + CA:CA -> 78.9 | CC81: =ROUND(0.7 + (BR:BR* 0.2) + (BS:BS * 0.1),3) -> 0.714 | CD81: =ROUND(CB:CB* CC:CC, 2) -> 56.33 | CE81: =ROUND( 1 - ( (D:D * 0.25) + (E:E* 0.2) + (F:F* 0.15) + (G:G* 0.1) ) * AQ:AQ, 3 ) -> 0.865 | CF81: =ROUND( CD:CD* CE:CE, 2 ) -> 48.73 | CG81: =RANK(CF81,CF:CF) -> 30
A82: 1142247 | B82: Ramandeep Singh | C82: Batsman | D82: 1 | E82: 0 | F82: 0 | G82: 0 | H82: 9 | I82: 20 | J82: =ROUND((K82 - MIN($K$2:$K$98)) / (MAX($K$2:$K$98) - MIN($K$2:$K$98)), 1) -> 0.1 | K82: 125 | L82: 0.1 | M82: 0 | N82: Finisher | O82: 2 | P82: India | Q82: 0 | R82: 24 | S82: 35 | T82: 31.25 | U82: =ROUND((T82 - MIN(T$2:T$98)) / (MAX(T$2:T$98) - MIN(T$2:T$98)), 1) -> 0.6 | V82: 201.61 | W82: =ROUND((V82 - MIN(V$2:V$98)) / (MAX(V$2:V$98) - MIN(V$2:V$98)), 1) -> 0.9 | X82: 5 | Y82: 12 | Z82: 0 | AA82: 0 | AB82: 0 | AC82: =IF(AB82>AD82, 3,IF(AB82<AD82, 1, 2)) -> 2 | AD82: 0 | AE82: 0.6 | AF82: 0.015 | AG82: 6.5 | AH82: 0.013 | AI82: 45 | AJ82: =ROUND((AI82 - MIN(AI$2:AI$98)) / (MAX(AI$2:AI$98) - MIN(AI$2:AI$98)), 1) -> 0.5 | AK82: 0 | AL82: 0 | AM82: 0 | AN82: 0 | AO82: =ROUND((AP82 - MIN($AP$2:$AP2050)) / (MAX($AP$2:$AP2050) - MIN($AP$2:$AP2050)), 1) -> 0 | AP82: 0 | AQ82: =ROUND((AR82 - MIN($AR$2:$AR2068)) / (MAX($AR$2:$AR2068) - MIN($AR$2:$AR2068)), 1) -> 0 | AR82: 2 | AS82: 0 | AT82: 0 | AU82: 0 | AV82: 0 | AW82: 19 | AX82: 0.2 | AY82: 0 | AZ82: =(AP82 - MIN($AP$2:$AP$964)) / (MAX($AP$2:$AP$964) - MIN($AP$2:$AP$964)) -> 0 | BA82: 0 | BB82: 0 | BC82: 0 | BD82: 0 | BE82: 8 | BF82: =ROUND((BE82 - MIN(BE$2:BE$174)) / (MAX(BE$2:BE$174) - MIN(BE$2:BE$174)), 1) -> 0.5 | BG82: =IF(AND(K82>=800,V82>=145),3,IF(K82>=400,1,2)) -> 2 | BH82: 6 | BI82: =ROUND((BH82 - MIN(BH$2:BH$174)) / (MAX(BH$2:BH$174) - MIN(BH$2:BH$174)), 1) -> 0 | BJ82: 6 | BK82: 0.57 | BL82: 6 | BM82: 0 | BN82: 0 | BO82: 0 | BP82: =ROUND((0.35 * L82) + (0.25 * W82) + (0.15 * U82) + (0.15 * BF82) + (0.1 * AJ82), 1) -> 0.5 | BQ82: 0 | BR82: 0 | BS82: =(0.45*L82 + 0.35*M82 + 0.12*AJ82 + 0.08*BF82) * (1 - BR82) -> 0.145 | BT82: 0 | BU82: 0 | BV82: 44.85 | BW82: 0.054 | BX82: =D82 * ( BP82*0.4 + L82*0.25 + W82*0.15 + AX82*0.1 + BF82*0.1 ) * 100 -> 43 | BY82: =E:E*(BQ:BQ*0.35+AT:AT*0.3+AV:AV*0.15+AN:AN*0.1+AO:AO*0.1)*100 -> 0 | BZ82: =ROUND(IF(N(F82)=1, MAX(0, ( (N(BN82)/18)*0.6 + (N(BF82)/10)*0.25 + N(AX82)*0.15 ) * 100 ), 0 ),3) -> 0 | CA82: =ROUND(G:G*(BO:BO*0.45+AZ:AZ*0.3+BB:BB*0.15+BF:BF*0.1)*100,3) -> 0 | CB82: =BX:BX+BY:BY+BZ:BZ + CA:CA -> 43 | CC82: =ROUND(0.7 + (BR:BR* 0.2) + (BS:BS * 0.1),3) -> 0.715 | CD82: =ROUND(CB:CB* CC:CC, 2) -> 30.75 | CE82: =ROUND( 1 - ( (D:D * 0.25) + (E:E* 0.2) + (F:F* 0.15) + (G:G* 0.1) ) * AQ:AQ, 3 ) -> 1 | CF82: =ROUND( CD:CD* CE:CE, 2 ) -> 30.75 | CG82: =RANK(CF82,CF:CF) -> 91
A83: 926851 | B83: Mitchell Starc | C83: Bowler | D83: 0 | E83: 1 | F83: 1 | G83: 0 | H83: 13 | I83: 22 | J83: =ROUND((K83 - MIN($K$2:$K$98)) / (MAX($K$2:$K$98) - MIN($K$2:$K$98)), 1) -> 0 | K83: 9 | L83: 0 | M83: 0.1 | N83: Tail | O83: 2 | P83: Australia | Q83: 1 | R83: 33 | S83: 0 | T83: 26.12 | U83: =ROUND((T83 - MIN(T$2:T$98)) / (MAX(T$2:T$98) - MIN(T$2:T$98)), 1) -> 0.5 | V83: 81.82 | W83: =ROUND((V83 - MIN(V$2:V$98)) / (MAX(V$2:V$98) - MIN(V$2:V$98)), 1) -> 0.3 | X83: 25 | Y83: 30 | Z83: 0 | AA83: 0 | AB83: 8.5 | AC83: =IF(AB83>AD83, 3,IF(AB83<AD83, 1, 2)) -> 3 | AD83: 2 | AE83: 0.6 | AF83: 0.015 | AG83: 6.5 | AH83: 0.01 | AI83: 6 | AJ83: =ROUND((AI83 - MIN(AI$2:AI$98)) / (MAX(AI$2:AI$98) - MIN(AI$2:AI$98)), 1) -> 0 | AK83: 17 | AL83: 41.5 | AM83: 10.61 | AN83: 0.4 | AO83: =ROUND((AP83 - MIN($AP$2:$AP2051)) / (MAX($AP$2:$AP2051) - MIN($AP$2:$AP2051)), 1) -> 1 | AP83: 9 | AQ83: =ROUND((AR83 - MIN($AR$2:$AR2069)) / (MAX($AR$2:$AR2069) - MIN($AR$2:$AR2069)), 1) -> 0.8 | AR83: 7 | AS83: 1 | AT83: 0.67 | AU83: 41 | AV83: 0.7 | AW83: 0 | AX83: 0.2 | AY83: 0 | AZ83: 0 | BA83: 0 | BB83: 0 | BC83: 41.5 | BD83: 26.12 | BE83: 7 | BF83: =ROUND((BE83 - MIN(BE$2:BE$174)) / (MAX(BE$2:BE$174) - MIN(BE$2:BE$174)), 1) -> 0.3 | BG83: =IF(AND(K83>=800,V83>=145),3,IF(K83>=400,1,2)) -> 2 | BH83: 7 | BI83: =ROUND((BH83 - MIN(BH$2:BH$174)) / (MAX(BH$2:BH$174) - MIN(BH$2:BH$174)), 1) -> 0.3 | BJ83: 5 | BK83: 0.43 | BL83: 8 | BM83: 0.67 | BN83: 0.3 | BO83: 0 | BP83: 0 | BQ83: =ROUND((0.3*M83) + (0.22*AN83) + (0.18*AT83) + (0.12*AV83) + (0.1*AJ83) + (0.08*AQ83),1) -> 0.4 | BR83: 0 | BS83: =(0.45*L83 + 0.35*M83 + 0.12*AJ83 + 0.08*BF83) * (1 - BR83) -> 0.059 | BT83: 0 | BU83: 0 | BV83: 300.5 | BW83: 0.33 | BX83: =D83 * ( BP83*0.4 + L83*0.25 + W83*0.15 + AX83*0.1 + BF83*0.1 ) * 100 -> 0 | BY83: =E:E*(BQ:BQ*0.35+AT:AT*0.3+AV:AV*0.15+AN:AN*0.1+AO:AO*0.1)*100 -> 58.6 | BZ83: =ROUND(IF(N(F83)=1, MAX(0, ( (N(BN83)/18)*0.6 + (N(BF83)/10)*0.25 + N(AX83)*0.15 ) * 100 ), 0 ),3) -> 4.75 | CA83: =ROUND(G:G*(BO:BO*0.45+AZ:AZ*0.3+BB:BB*0.15+BF:BF*0.1)*100,3) -> 0 | CB83: =BX:BX+BY:BY+BZ:BZ + CA:CA -> 63.35 | CC83: =ROUND(0.7 + (BR:BR* 0.2) + (BS:BS * 0.1),3) -> 0.706 | CD83: =ROUND(CB:CB* CC:CC, 2) -> 44.73 | CE83: =ROUND( 1 - ( (D:D * 0.25) + (E:E* 0.2) + (F:F* 0.15) + (G:G* 0.1) ) * AQ:AQ, 3 ) -> 0.72 | CF83: =ROUND( CD:CD* CE:CE, 2 ) -> 32.21 | CG83: =RANK(CF83,CF:CF) -> 77
